1;[[533, 2222], [151, 2211], [441, 2122], [139, 1222], [461, 1121], [875, 1121], [526, 1011], [370, 1010], [520, 1010], [921, 1010], [922, 1010], [527, 1001], [503, 1000], [593, 1000], [454, 100], [737, 100], [742, 100], [1175, 100], [440, 11], [827, 10], [502, 2], [166, 1], [311, 1], [392, 1], [439, 1], [505, 1], [522, 1], [619, 1], [789, 1], [835, 1], [861, 1], [891, 1], [1185, 1], [1222, 1]]
2;[[875, 1011], [434, 1001], [169, 1000], [498, 1000], [499, 1000], [454, 100], [592, 2]]
3;[[633, 2222], [375, 2221], [139, 2122], [856, 2112], [454, 1220], [527, 1220], [440, 1120], [1144, 1111], [526, 1010], [742, 1010], [370, 1001], [23, 1000], [309, 1000], [515, 1000], [733, 1000], [1172, 1000], [854, 100], [311, 11], [40, 10], [345, 10], [347, 10], [356, 10], [520, 10], [524, 10], [535, 10], [560, 10], [571, 10], [584, 10], [623, 10], [950, 10], [604, 2], [1196, 2], [190, 1], [221, 1], [246, 1], [325, 1], [374, 1], [439, 1], [533, 1], [561, 1], [967, 1], [1161, 1], [1175, 1]]
4;[[604, 2222], [876, 2222], [711, 2122], [669, 1010], [538, 100], [539, 100], [540, 100], [503, 1], [553, 1]]
5;[[151, 2222], [374, 2222], [439, 2222], [593, 2222], [875, 2222], [47, 2221], [503, 2221], [23, 2220], [1064, 2220], [710, 2212], [256, 2211], [533, 2211], [805, 2211], [895, 2210], [499, 2122], [633, 2122], [497, 2121], [856, 2121], [461, 2120], [496, 2120], [980, 2120], [975, 2112], [1144, 2111], [861, 1212], [370, 1211], [498, 1122], [1175, 1120], [511, 1101], [500, 1012], [325, 1011], [516, 1010], [524, 1010], [465, 1002], [386, 1001], [430, 1001], [553, 1001], [592, 1001], [520, 1000], [702, 1000], [857, 1000], [1196, 1000], [867, 101], [501, 100], [502, 100], [605, 100], [750, 100], [772, 100], [347, 12], [114, 11], [139, 10], [265, 10], [440, 10], [513, 10], [561, 10], [669, 10], [343, 2], [604, 2], [711, 2], [724, 2], [731, 2], [733, 2], [843, 2], [876, 2], [888, 2], [889, 2], [982, 2], [990, 2], [1000, 2], [1092, 2], [1093, 2], [50, 1], [60, 1], [132, 1], [135, 1], [169, 1], [189, 1], [190, 1], [197, 1], [200, 1], [226, 1], [297, 1], [298, 1], [299, 1], [311, 1], [312, 1], [333, 1], [349, 1], [369, 1], [371, 1], [392, 1], [410, 1], [420, 1], [427, 1], [428, 1], [434, 1], [437, 1], [441, 1], [450, 1], [478, 1], [505, 1], [531, 1], [549, 1], [559, 1], [568, 1], [590, 1], [701, 1], [722, 1], [729, 1], [761, 1], [763, 1], [779, 1], [788, 1], [845, 1], [864, 1], [925, 1], [935, 1], [943, 1], [944, 1], [1019, 1], [1038, 1], [1040, 1], [1076, 1], [1080, 1], [1088, 1], [1091, 1], [1098, 1], [1156, 1], [1185, 1], [1188, 1], [1223, 1], [1226, 1]]
6;[[31, 2222], [503, 1220], [875, 1120], [592, 1010], [975, 1010], [90, 1000], [441, 1000], [593, 1000], [805, 1000], [963, 1000], [370, 110], [195, 100], [25, 10], [440, 10], [511, 10], [922, 10], [734, 2], [1093, 2], [326, 1], [438, 1], [586, 1], [722, 1], [731, 1], [1092, 1]]
7;[[371, 2122], [623, 2121], [856, 2111], [1064, 1120], [1054, 1100], [256, 101], [439, 101], [45, 100], [410, 100], [633, 100], [634, 100], [831, 100], [853, 100], [857, 100], [1027, 100], [1056, 100], [1057, 100], [1059, 100], [640, 10], [669, 10], [921, 10], [166, 2], [53, 1], [171, 1], [370, 1], [386, 1], [535, 1], [1161, 1]]
8;[[683, 2220], [1125, 2220], [23, 2112], [499, 1122], [439, 1100], [169, 1000], [370, 1000], [386, 1000], [496, 1000], [498, 1000], [710, 1000], [771, 1000], [867, 1000], [322, 100], [750, 10], [435, 1], [463, 1], [497, 1], [503, 1], [605, 1], [875, 1], [944, 1]]
9;[[414, 2222], [794, 2110], [165, 1122], [992, 1010], [1115, 102], [443, 100], [174, 1], [362, 1], [370, 1], [1040, 1]]
10;[[157, 2222], [413, 2222], [581, 2222], [676, 2122], [878, 2122], [1218, 2122], [30, 2112], [1115, 1222], [296, 1212], [443, 1120], [170, 1112], [728, 1101], [1239, 1101], [370, 1100], [782, 1010], [126, 1001], [758, 1000], [941, 1000], [715, 10], [835, 10], [1215, 10], [301, 1], [322, 1], [722, 1], [1234, 1]]
11;[[796, 2222], [909, 2222], [991, 2222], [798, 2212], [96, 2210], [518, 2110], [772, 1010], [428, 1002], [186, 1000], [301, 1000], [835, 1000], [908, 1000], [1178, 1000], [1119, 100], [649, 10], [659, 10], [799, 10], [1226, 2], [36, 1], [46, 1], [652, 1], [837, 1]]
12;[[466, 2220], [70, 2212], [443, 2120], [918, 1000], [755, 10], [181, 1], [1115, 1]]
13;[[314, 2222], [791, 2211], [156, 2112], [322, 1220], [695, 1220], [443, 1120], [301, 1112], [902, 1101], [462, 1010], [643, 1000], [978, 1000], [763, 101], [370, 100], [522, 100], [900, 100], [715, 10], [719, 10], [1017, 10], [1124, 2], [722, 1], [764, 1], [822, 1], [1033, 1], [1097, 1]]
14;[[150, 2222], [815, 2222], [852, 2222], [899, 2222], [1100, 2222], [1008, 2220], [1117, 2220], [131, 2212], [462, 2212], [345, 2210], [367, 2210], [635, 2122], [791, 2122], [1124, 2122], [616, 2120], [344, 2112], [405, 2112], [417, 1211], [233, 1122], [234, 1121], [370, 1110], [465, 1102], [5, 1100], [777, 1012], [602, 1011], [941, 1011], [1135, 1002], [584, 1001], [1234, 1001], [156, 1000], [314, 1000], [492, 1000], [1206, 1000], [89, 100], [662, 100], [719, 11], [1013, 11], [203, 10], [232, 10], [319, 10], [695, 10], [809, 10], [419, 2], [930, 2], [92, 1], [135, 1], [291, 1], [297, 1], [356, 1], [379, 1], [413, 1], [421, 1], [424, 1], [889, 1], [1000, 1]]
15;[[204, 2222], [266, 2222], [385, 2222], [422, 2222], [443, 2222], [720, 2222], [870, 2222], [1184, 2222], [1192, 2222], [423, 2221], [174, 2220], [1235, 2220], [205, 2212], [339, 2212], [700, 2212], [752, 2212], [59, 2122], [301, 2122], [322, 2122], [601, 2122], [690, 2121], [99, 2112], [355, 2112], [549, 2112], [370, 2111], [994, 1221], [545, 1212], [722, 1122], [474, 1120], [364, 1112], [410, 1102], [763, 1102], [854, 1101], [149, 1011], [642, 1010], [725, 1010], [747, 1010], [944, 1002], [1000, 1002], [197, 1001], [764, 1001], [863, 1001], [900, 1001], [1013, 1001], [1016, 1001], [63, 1000], [794, 1000], [853, 1000], [857, 1000], [993, 1000], [232, 100], [408, 100], [413, 100], [414, 100], [1162, 12], [398, 11], [603, 11], [424, 10], [792, 10], [1027, 10], [226, 2], [822, 2], [844, 2], [990, 2], [1040, 2], [1098, 2], [1115, 2], [1226, 2], [17, 1], [72, 1], [91, 1], [95, 1], [97, 1], [98, 1], [135, 1], [238, 1], [297, 1], [350, 1], [354, 1], [420, 1], [426, 1], [434, 1], [550, 1], [611, 1], [643, 1], [657, 1], [673, 1], [724, 1], [729, 1], [731, 1], [735, 1], [767, 1], [816, 1], [833, 1], [837, 1], [875, 1], [888, 1], [889, 1], [1033, 1], [1093, 1], [1187, 1], [1195, 1], [1232, 1], [1234, 1]]
16;[[89, 2222], [95, 2222], [182, 2222], [301, 2222], [396, 2222], [443, 2222], [799, 2222], [834, 2222], [376, 2220], [594, 2220], [1017, 2211], [240, 2210], [872, 2210], [901, 2210], [186, 2122], [475, 2122], [649, 2122], [659, 2122], [772, 2122], [468, 2121], [129, 2120], [314, 2120], [364, 2112], [370, 2112], [522, 2110], [466, 1222], [727, 1222], [1226, 1220], [322, 1122], [722, 1122], [993, 1122], [46, 1111], [756, 1111], [935, 1111], [1192, 1111], [642, 1102], [763, 1102], [770, 1100], [424, 1012], [641, 1012], [1154, 1012], [181, 1011], [518, 1011], [755, 1011], [1016, 1011], [398, 1010], [582, 1010], [902, 1010], [984, 1010], [1002, 1010], [428, 1002], [1000, 1002], [298, 1001], [333, 1001], [657, 1001], [658, 1001], [660, 1001], [662, 1001], [719, 1001], [791, 1001], [937, 1001], [944, 1001], [1234, 1001], [97, 1000], [98, 1000], [134, 1000], [150, 1000], [197, 1000], [202, 1000], [421, 1000], [708, 1000], [709, 1000], [783, 1000], [809, 1000], [896, 1000], [928, 1000], [991, 1000], [1051, 1000], [41, 110], [135, 12], [359, 12], [550, 12], [238, 11], [350, 11], [478, 11], [643, 11], [816, 11], [943, 11], [36, 10], [92, 10], [434, 10], [462, 10], [472, 10], [512, 10], [762, 10], [867, 10], [970, 10], [974, 10], [994, 10], [69, 2], [226, 2], [676, 2], [731, 2], [764, 2], [822, 2], [844, 2], [882, 2], [888, 2], [889, 2], [1023, 2], [1080, 2], [1098, 2], [1101, 2], [1115, 2], [5, 1], [10, 1], [17, 1], [72, 1], [126, 1], [130, 1], [132, 1], [148, 1], [168, 1], [189, 1], [205, 1], [212, 1], [225, 1], [255, 1], [288, 1], [290, 1], [292, 1], [297, 1], [320, 1], [330, 1], [331, 1], [357, 1], [386, 1], [413, 1], [473, 1], [489, 1], [490, 1], [510, 1], [553, 1], [559, 1], [581, 1], [586, 1], [615, 1], [616, 1], [656, 1], [673, 1], [711, 1], [715, 1], [723, 1], [724, 1], [725, 1], [729, 1], [730, 1], [735, 1], [758, 1], [767, 1], [797, 1], [810, 1], [835, 1], [837, 1], [870, 1], [875, 1], [893, 1], [919, 1], [932, 1], [938, 1], [941, 1], [990, 1], [1033, 1], [1037, 1], [1066, 1], [1076, 1], [1135, 1], [1158, 1], [1189, 1], [1232, 1]]
17;[[688, 2221], [1101, 2221], [49, 2122], [89, 2120], [662, 2120], [810, 2112], [791, 1122], [1103, 1120], [357, 1111], [359, 1102], [443, 1100], [428, 1002], [941, 1001], [944, 1001], [897, 1000], [370, 111], [816, 12], [643, 11], [730, 11], [101, 10], [233, 10], [450, 10], [506, 10], [660, 10], [153, 2], [301, 2], [731, 2], [735, 2], [882, 2], [889, 2], [1088, 2], [128, 1], [132, 1], [135, 1], [189, 1], [238, 1], [297, 1], [298, 1], [330, 1], [333, 1], [722, 1], [729, 1], [837, 1], [839, 1], [845, 1], [937, 1], [938, 1], [1000, 1], [1023, 1], [1040, 1], [1069, 1], [1080, 1], [1115, 1], [1187, 1], [1234, 1]]
18;[[129, 2122], [205, 2120], [1016, 2110], [424, 1110], [725, 1110], [993, 1110], [1162, 1100], [370, 1010], [657, 1010], [658, 1010], [660, 1010], [935, 1010], [656, 1001], [642, 1000], [816, 1000], [994, 1000], [364, 100], [443, 10], [226, 2], [414, 2], [153, 1]]
19;[[487, 2222], [506, 2222], [618, 2222], [626, 2222], [688, 2222], [693, 2222], [897, 2222], [1103, 2222], [1049, 2221], [21, 2220], [672, 2212], [432, 2121], [370, 1100], [359, 1011], [455, 10], [936, 10], [49, 1], [398, 1], [944, 1], [1000, 1], [1129, 1], [1205, 1]]
20;[[540, 2222], [758, 2222], [823, 2222], [924, 2222], [962, 2222], [1066, 2222], [1115, 2222], [1168, 2222], [1213, 2222], [1215, 2222], [220, 2221], [207, 2122], [208, 2122], [538, 2122], [126, 2112], [278, 2111], [286, 2111], [287, 2111], [290, 2111], [292, 2111], [539, 2111], [544, 2111], [711, 1210], [1239, 1120], [283, 1100], [288, 1100], [715, 1011], [824, 1001], [970, 1001], [1234, 1001], [919, 1000], [928, 1000], [370, 110], [604, 100], [767, 100], [181, 10], [443, 10], [1080, 10], [133, 2], [153, 2], [882, 2], [643, 1], [731, 1], [791, 1], [944, 1], [1189, 1]]
21;[[709, 2222], [1158, 2221], [708, 2122], [68, 2112], [251, 2112], [1115, 1122], [941, 1101], [719, 1100], [551, 100], [757, 100], [98, 12], [756, 10], [97, 2], [443, 2], [1098, 2], [181, 1], [413, 1], [416, 1], [434, 1], [615, 1], [676, 1], [722, 1], [751, 1], [932, 1], [1189, 1]]
22;[[13, 2222], [130, 2222], [276, 2222], [692, 2222], [258, 2221], [898, 2212], [262, 2112], [704, 2111], [764, 1212], [1083, 1122], [431, 1121], [473, 1121], [478, 1121], [1194, 1121], [908, 1111], [1156, 1111], [503, 1101], [671, 1101], [370, 1012], [880, 1012], [788, 1011], [1114, 1002], [514, 1001], [871, 1001], [342, 110], [512, 110], [1166, 110], [843, 102], [881, 102], [237, 101], [343, 101], [510, 101], [654, 101], [774, 101], [350, 100], [968, 100], [1144, 100], [39, 12], [590, 11], [247, 10], [731, 2], [845, 2], [882, 2], [888, 2], [1000, 2], [67, 1], [69, 1], [104, 1], [189, 1], [197, 1], [221, 1], [226, 1], [322, 1], [325, 1], [333, 1], [365, 1], [392, 1], [464, 1], [465, 1], [586, 1], [682, 1], [713, 1], [729, 1], [735, 1], [942, 1], [946, 1], [1033, 1], [1040, 1], [1093, 1], [1195, 1]]
23;[[34, 2222], [42, 2222], [509, 2222], [541, 2222], [979, 2222], [1114, 2222], [9, 2221], [12, 2212], [10, 2122], [426, 2122], [859, 2120], [434, 1212], [99, 1112], [11, 1100], [370, 1002], [716, 1002], [888, 1002], [350, 1001], [162, 1000], [167, 1000], [198, 1000], [248, 1000], [464, 1000], [583, 1000], [780, 1000], [1163, 1000], [322, 101], [1096, 11], [285, 10], [1156, 10], [582, 2], [598, 2], [984, 2], [163, 1], [883, 1]]
24;[[647, 2222], [913, 2222], [1109, 2222], [210, 2220], [915, 2211], [926, 2121], [254, 2111], [1195, 1121], [32, 1100], [1031, 1011], [611, 1001], [370, 1000], [559, 10], [552, 2], [724, 2], [72, 1], [199, 1], [207, 1], [240, 1], [331, 1], [377, 1], [411, 1], [477, 1], [492, 1], [522, 1], [677, 1], [763, 1], [858, 1], [934, 1], [1000, 1], [1232, 1]]
25;[[431, 2222], [913, 2222], [647, 2122], [926, 2121], [72, 2112], [411, 2111], [858, 2111], [74, 2110], [503, 1121], [1194, 1121], [1195, 1112], [465, 1102], [106, 1012], [198, 1012], [569, 1011], [370, 1010], [881, 1002], [162, 1001], [415, 1000], [566, 1000], [568, 1000], [977, 1000], [1031, 1000], [83, 111], [1156, 110], [120, 102], [84, 11], [390, 10], [464, 10], [432, 2], [880, 2], [112, 1], [141, 1], [172, 1], [221, 1], [276, 1], [392, 1], [425, 1], [505, 1], [530, 1], [550, 1], [559, 1], [622, 1], [855, 1], [875, 1], [891, 1], [915, 1], [949, 1], [1027, 1], [1083, 1], [1210, 1]]
26;[[199, 2222], [281, 2222], [431, 2222], [617, 2222], [1061, 2222], [1144, 2222], [104, 2212], [1166, 2211], [610, 2122], [285, 2112], [328, 2111], [342, 2110], [807, 1122], [1194, 1121], [665, 1112], [942, 1101], [343, 1100], [74, 110], [881, 102], [774, 101], [370, 10], [485, 10], [488, 10], [713, 10], [855, 10], [442, 2], [221, 1], [333, 1], [392, 1], [434, 1], [465, 1], [490, 1], [1195, 1]]
27;[[599, 2222], [905, 2122], [98, 1102], [913, 1001], [1000, 100], [1083, 100], [756, 2], [1096, 2], [179, 1], [858, 1], [912, 1]]
28;[[477, 2121], [351, 2112], [352, 2112], [759, 2111], [822, 1212], [215, 1112], [370, 1112], [1083, 1112], [1000, 1102], [722, 1012], [274, 1000], [135, 102], [724, 102], [763, 102], [1033, 102], [1040, 102], [1093, 102], [1192, 102], [1234, 102], [942, 101], [300, 2], [322, 2], [882, 2], [990, 2], [134, 1], [136, 1], [331, 1], [333, 1], [343, 1], [392, 1], [398, 1], [465, 1], [467, 1], [510, 1], [550, 1], [559, 1], [586, 1], [611, 1], [665, 1], [729, 1], [735, 1], [832, 1], [837, 1], [875, 1], [913, 1], [937, 1], [944, 1], [969, 1], [1187, 1], [1222, 1], [1226, 1]]
29;[[274, 2222], [322, 2222], [353, 2220], [300, 2212], [759, 2212], [215, 2122], [351, 2122], [352, 2122], [832, 1222], [1192, 1122], [477, 1120], [370, 1112], [763, 1102], [944, 1102], [15, 1012], [722, 1012], [714, 1002], [764, 1000], [788, 1000], [350, 110], [724, 102], [822, 102], [1234, 102], [333, 101], [942, 101], [1040, 101], [1033, 100], [1093, 100], [1184, 100], [687, 10], [1083, 2], [100, 1], [343, 1], [385, 1], [392, 1], [434, 1], [442, 1], [510, 1], [553, 1], [729, 1], [837, 1], [875, 1], [937, 1], [1000, 1]]
30;[[911, 2212], [433, 2122], [586, 2112], [880, 2112], [1224, 1212], [942, 1010], [328, 101], [1084, 100], [1001, 11], [687, 10], [117, 2], [557, 2], [332, 1], [492, 1], [775, 1], [881, 1], [1234, 1]]
31;[[43, 2222], [239, 2222], [332, 2222], [433, 2222], [467, 2222], [557, 2222], [586, 2222], [760, 2222], [845, 2222], [999, 2222], [1084, 2222], [1233, 2222], [651, 2221], [448, 2122], [1020, 2122], [1036, 2112], [1022, 1222], [839, 1212], [938, 1212], [226, 1122], [1224, 1120], [127, 1112], [189, 1112], [882, 1112], [330, 1111], [370, 1111], [1040, 1102], [136, 1101], [701, 1100], [942, 1012], [331, 1001], [620, 1001], [722, 1001], [128, 1000], [389, 1000], [724, 1000], [762, 1000], [764, 1000], [628, 111], [1234, 102], [168, 101], [551, 101], [729, 101], [937, 101], [940, 101], [1000, 101], [1187, 101], [272, 100], [359, 100], [512, 100], [735, 100], [145, 2], [1093, 2], [69, 1], [213, 1], [550, 1], [944, 1], [1232, 1]]
32;[[184, 2222], [722, 1122], [433, 1121], [389, 1112], [1234, 1100], [586, 1011], [43, 1000], [128, 1000], [315, 1000], [370, 1000], [467, 1000], [489, 1000], [999, 1000], [1040, 101], [212, 11], [239, 11], [506, 10], [189, 2], [127, 1], [181, 1], [226, 1], [330, 1], [331, 1], [473, 1], [735, 1], [764, 1], [882, 1], [937, 1], [1093, 1], [1220, 1]]
33;[[91, 2222], [465, 2222], [612, 2222], [721, 2222], [811, 2222], [825, 2222], [916, 2222], [996, 2222], [1052, 2222], [1105, 2222], [1113, 2222], [94, 2220], [210, 2220], [637, 2220], [638, 2220], [818, 2220], [403, 2212], [920, 2212], [797, 2210], [927, 2121], [978, 2110], [1186, 1222], [1234, 1222], [370, 1212], [1183, 1122], [995, 1121], [1122, 1112], [359, 1011], [888, 1002], [763, 1001], [795, 1000], [981, 1000], [1123, 112], [37, 101], [1000, 100], [225, 12], [1189, 11], [793, 10], [1215, 10], [404, 2], [413, 2], [764, 2], [889, 2], [65, 1], [96, 1], [297, 1], [515, 1], [663, 1], [719, 1], [731, 1], [773, 1], [822, 1], [846, 1], [882, 1], [1023, 1], [1072, 1], [1098, 1]]
34;[[37, 2222], [404, 2222], [465, 2222], [637, 2222], [638, 2222], [721, 2222], [795, 2222], [817, 2222], [846, 2222], [995, 2222], [403, 2221], [471, 2221], [916, 2221], [65, 2212], [773, 2211], [261, 2122], [1052, 101], [77, 100], [825, 100], [941, 100], [1000, 100], [76, 11], [235, 10], [236, 10], [247, 10], [277, 10], [359, 10], [94, 2], [225, 2], [135, 1], [297, 1], [552, 1], [627, 1], [818, 1], [933, 1], [944, 1], [1023, 1], [1186, 1], [1234, 1]]
35;[[210, 2222], [1109, 2222], [915, 2120], [913, 2110], [811, 1120], [32, 1000], [120, 100], [825, 100], [920, 100], [926, 10], [948, 10], [888, 1], [1105, 1], [1119, 1]]
36;[[722, 2220], [1052, 2220], [612, 2120], [403, 1100], [66, 1000], [721, 1000], [370, 2], [325, 1], [724, 1]]
37;[[33, 2222], [38, 2222], [131, 2222], [158, 2222], [175, 2222], [225, 2222], [234, 2222], [318, 2222], [379, 2222], [380, 2222], [465, 2222], [482, 2222], [483, 2222], [491, 2222], [492, 2222], [600, 2222], [697, 2222], [717, 2222], [815, 2222], [849, 2222], [877, 2222], [946, 2222], [1008, 2222], [1014, 2222], [1028, 2222], [1126, 2222], [1133, 2222], [1176, 2222], [831, 2221], [991, 2212], [35, 2122], [203, 2122], [378, 2122], [712, 2122], [817, 2122], [835, 2122], [930, 2122], [1178, 2122], [470, 2121], [28, 2120], [3, 2112], [247, 2112], [319, 2111], [120, 1222], [1128, 1222], [1174, 1222], [1182, 1222], [280, 1212], [1234, 1212], [942, 1211], [476, 1122], [1131, 1122], [627, 1112], [71, 1111], [933, 1111], [333, 1012], [866, 1012], [774, 1011], [1011, 1011], [76, 1002], [65, 1001], [334, 1001], [428, 1001], [4, 1000], [294, 1000], [433, 1000], [721, 1000], [941, 1000], [1135, 111], [944, 100], [231, 12], [370, 12], [871, 12], [238, 11], [233, 10], [711, 10], [731, 2], [116, 1], [119, 1], [148, 1], [150, 1], [220, 1], [291, 1], [342, 1], [345, 1], [392, 1], [403, 1], [443, 1], [510, 1], [512, 1], [514, 1], [596, 1], [671, 1], [776, 1], [818, 1], [888, 1], [1080, 1], [1130, 1]]
38;[[390, 2222], [360, 2212], [14, 2122], [634, 2112], [1068, 1222], [1130, 1222], [1136, 1222], [465, 1212], [1234, 1210], [971, 1122], [1140, 1122], [644, 1121], [117, 1010], [666, 1010], [873, 1002], [646, 1001], [1024, 1001], [786, 1000], [881, 1000], [1001, 1000], [1027, 1000], [1029, 1000], [1059, 1000], [1075, 1000], [1230, 1000], [252, 100], [866, 100], [1146, 11], [1148, 11], [1160, 11], [505, 10], [572, 10], [573, 10], [622, 2], [702, 2], [882, 2], [990, 2], [76, 1], [142, 1], [370, 1], [392, 1], [444, 1], [503, 1], [510, 1], [621, 1], [627, 1], [729, 1], [776, 1], [856, 1], [862, 1], [888, 1], [1066, 1], [1072, 1]]
39;[[225, 2222], [639, 2221], [85, 2122], [216, 2122], [217, 2122], [218, 2122], [219, 2122], [221, 2122], [235, 2122], [236, 2122], [277, 2122], [338, 2122], [407, 2122], [560, 2122], [971, 2122], [83, 2121], [222, 2121], [470, 2121], [619, 2121], [654, 2121], [851, 2121], [249, 2112], [289, 2112], [293, 2112], [420, 2112], [645, 2111], [412, 2110], [1139, 1222], [1137, 1221], [1234, 1211], [304, 1122], [584, 1122], [873, 1122], [1141, 1122], [1225, 1112], [356, 1101], [553, 1012], [252, 1011], [263, 1011], [573, 1011], [1127, 1011], [254, 1010], [230, 1002], [433, 1002], [869, 1002], [949, 1002], [1211, 1002], [1230, 1002], [307, 1001], [510, 1001], [564, 1001], [567, 1001], [646, 1001], [881, 1001], [1001, 1001], [1027, 1001], [1029, 1001], [3, 1000], [102, 1000], [143, 1000], [366, 1000], [453, 1000], [576, 1000], [1136, 1000], [716, 111], [508, 101], [1096, 100], [505, 12], [529, 12], [966, 12], [112, 11], [488, 11], [534, 11], [570, 11], [571, 11], [608, 11], [777, 11], [786, 11], [1146, 11], [1148, 11], [233, 10], [244, 10], [248, 10], [360, 10], [647, 10], [1140, 10], [1160, 10], [108, 2], [308, 2], [342, 2], [343, 2], [404, 2], [465, 2], [494, 2], [563, 2], [622, 2], [702, 2], [738, 2], [739, 2], [740, 2], [746, 2], [882, 2], [918, 2], [990, 2], [1238, 2], [67, 1], [74, 1], [76, 1], [84, 1], [107, 1], [135, 1], [226, 1], [276, 1], [297, 1], [301, 1], [306, 1], [365, 1], [370, 1], [392, 1], [490, 1], [503, 1], [530, 1], [532, 1], [535, 1], [565, 1], [566, 1], [568, 1], [569, 1], [572, 1], [586, 1], [610, 1], [621, 1], [627, 1], [652, 1], [729, 1], [744, 1], [749, 1], [776, 1], [845, 1], [849, 1], [862, 1], [888, 1], [889, 1], [892, 1], [902, 1], [942, 1], [944, 1], [1026, 1], [1044, 1], [1066, 1], [1070, 1], [1072, 1], [1076, 1], [1135, 1], [1161, 1], [1185, 1], [1194, 1], [1209, 1], [1210, 1], [1222, 1], [1224, 1], [1236, 1]]
40;[[233, 2222], [465, 2222], [1234, 2222], [28, 2212], [1124, 2210], [3, 2122], [4, 2122], [225, 2122], [231, 2122], [404, 2122], [405, 2122], [785, 2122], [786, 2122], [479, 2111], [95, 2110], [240, 2110], [1008, 1222], [815, 1221], [1139, 1220], [1100, 1212], [1117, 1212], [899, 1210], [77, 1122], [116, 1122], [254, 1122], [277, 1122], [1135, 1122], [1137, 1121], [1193, 1121], [1141, 1120], [1230, 1120], [941, 1111], [294, 1011], [109, 1010], [560, 1010], [573, 1010], [252, 1002], [119, 1001], [370, 1001], [169, 1000], [248, 1000], [351, 1000], [352, 1000], [576, 1000], [869, 1000], [949, 1000], [1024, 1000], [150, 102], [417, 102], [954, 101], [1080, 101], [2, 100], [5, 100], [35, 100], [849, 100], [888, 100], [956, 100], [959, 100], [420, 12], [1127, 12], [293, 11], [344, 11], [1052, 11], [1133, 11], [1160, 11], [103, 10], [105, 10], [108, 10], [112, 10], [115, 10], [198, 10], [235, 10], [236, 10], [249, 10], [261, 10], [279, 10], [289, 10], [304, 10], [308, 10], [407, 10], [510, 10], [526, 10], [529, 10], [532, 10], [553, 10], [571, 10], [572, 10], [619, 10], [645, 10], [646, 10], [654, 10], [780, 10], [931, 10], [1109, 10], [1126, 10], [1128, 10], [1146, 10], [1148, 10], [1161, 10], [151, 2], [508, 2], [1105, 2], [1131, 2], [9, 1], [10, 1], [17, 1], [32, 1], [76, 1], [120, 1], [132, 1], [142, 1], [144, 1], [173, 1], [189, 1], [210, 1], [263, 1], [291, 1], [297, 1], [298, 1], [333, 1], [338, 1], [345, 1], [392, 1], [413, 1], [434, 1], [478, 1], [515, 1], [535, 1], [583, 1], [613, 1], [616, 1], [673, 1], [677, 1], [731, 1], [735, 1], [763, 1], [851, 1], [852, 1], [882, 1], [942, 1], [1000, 1], [1027, 1], [1029, 1], [1130, 1], [1132, 1], [1192, 1]]
41;[[1106, 2222], [1107, 2222], [1108, 2222], [1190, 2222], [603, 2221], [1115, 1122], [998, 1010], [392, 1000], [46, 100], [296, 100], [301, 100], [370, 100], [322, 10], [1184, 10], [941, 1]]
42;[[57, 2222], [209, 2222], [317, 2222], [585, 2222], [695, 2222], [505, 2221], [443, 2220], [92, 2212], [416, 2212], [337, 1212], [301, 1112], [245, 1011], [931, 1011], [1085, 1011], [1234, 1001], [509, 1000], [46, 100], [314, 100], [339, 100], [370, 11], [722, 2], [5, 1], [135, 1], [297, 1], [322, 1], [434, 1], [489, 1], [550, 1], [586, 1], [601, 1], [719, 1], [724, 1], [731, 1], [763, 1], [764, 1], [770, 1], [822, 1], [837, 1], [888, 1], [944, 1], [1000, 1], [1033, 1], [1040, 1], [1093, 1], [1187, 1], [1192, 1], [1232, 1]]
43;[[125, 2222], [140, 2222], [172, 2222], [440, 2222], [441, 2222], [504, 2222], [568, 2222], [960, 2222], [66, 2221], [418, 2212], [1200, 2211], [303, 2120], [173, 1220], [124, 1212], [461, 1210], [54, 1121], [370, 1112], [921, 1102], [261, 1100], [302, 1100], [526, 1100], [714, 1100], [918, 1011], [958, 1002], [1199, 1002], [966, 1001], [967, 1001], [386, 1000], [636, 1000], [484, 110], [522, 101], [3, 100], [4, 100], [28, 100], [65, 100], [91, 100], [94, 100], [294, 100], [308, 100], [311, 100], [324, 100], [334, 100], [361, 100], [404, 100], [527, 100], [560, 100], [562, 100], [694, 100], [793, 100], [795, 100], [817, 100], [818, 100], [913, 100], [916, 100], [119, 12], [392, 11], [891, 11], [1167, 11], [1172, 11], [147, 10], [655, 10], [997, 10], [1184, 10], [1216, 10], [137, 2], [975, 2], [1000, 2], [135, 1], [199, 1], [221, 1], [301, 1], [307, 1], [430, 1], [471, 1], [490, 1], [493, 1], [505, 1], [563, 1], [570, 1], [571, 1], [575, 1], [693, 1], [707, 1], [733, 1], [737, 1], [741, 1], [758, 1], [864, 1], [889, 1], [944, 1], [982, 1], [1080, 1], [1093, 1], [1094, 1], [1121, 1], [1156, 1], [1185, 1], [1209, 1]]
44;[[44, 2222], [53, 2222], [74, 2222], [124, 2222], [190, 2222], [312, 2222], [411, 2222], [453, 2222], [495, 2222], [504, 2222], [548, 2222], [566, 2222], [567, 2222], [568, 2222], [574, 2222], [575, 2222], [621, 2222], [622, 2222], [623, 2222], [625, 2222], [634, 2222], [636, 2222], [655, 2222], [691, 2222], [702, 2222], [737, 2222], [743, 2222], [750, 2222], [765, 2222], [766, 2222], [786, 2222], [840, 2222], [847, 2222], [850, 2222], [873, 2222], [951, 2222], [953, 2222], [967, 2222], [973, 2222], [1024, 2222], [1029, 2222], [1030, 2222], [1053, 2222], [1055, 2222], [1059, 2222], [1201, 2222], [1202, 2222], [1222, 2222], [1185, 2221], [244, 2220], [436, 2220], [569, 2220], [143, 2212], [154, 2212], [171, 2212], [269, 2212], [386, 2212], [390, 2212], [528, 2212], [561, 2212], [624, 2212], [236, 2211], [1230, 2211], [235, 2210], [242, 2210], [243, 2210], [1160, 2122], [858, 2121], [415, 2120], [72, 2112], [336, 2111], [264, 2110], [1148, 1222], [971, 1221], [1156, 1221], [1146, 1220], [647, 1212], [1072, 1212], [67, 1211], [399, 1211], [666, 1211], [572, 1210], [570, 1120], [84, 1112], [325, 1111], [841, 1101], [1231, 1101], [1057, 1012], [1142, 1002], [83, 1001], [106, 1001], [257, 1001], [360, 1001], [430, 1001], [523, 1001], [45, 1000], [108, 1000], [118, 1000], [121, 1000], [166, 1000], [172, 1000], [370, 1000], [961, 1000], [493, 101], [645, 101], [125, 100], [310, 100], [122, 11], [142, 10], [576, 10], [138, 2], [1130, 2], [135, 1], [276, 1], [297, 1], [371, 1], [381, 1], [392, 1], [409, 1], [435, 1], [465, 1], [503, 1], [538, 1], [563, 1], [590, 1], [608, 1], [747, 1], [767, 1], [856, 1], [862, 1], [875, 1], [1054, 1], [1070, 1], [1136, 1], [1139, 1], [1144, 1], [1157, 1], [1196, 1], [1210, 1], [1212, 1]]
45;[[1159, 2222], [803, 2212], [919, 2212], [924, 2212], [292, 2210], [538, 2210], [289, 1220], [293, 1220], [338, 1212], [290, 1110], [758, 1010], [540, 1000], [287, 101], [278, 100], [283, 100], [286, 100], [288, 100], [715, 100], [1050, 10], [1168, 10]]
46;[[51, 2222], [53, 2222], [737, 2222], [503, 2221], [702, 2122], [516, 2111], [856, 2111], [1212, 1121], [854, 1111], [553, 1002], [568, 1000], [500, 100], [410, 11], [370, 10], [623, 10], [857, 2], [430, 1], [1196, 1]]
47;[[163, 2222], [684, 2222], [1165, 2222], [505, 2221], [906, 2221], [92, 2220], [209, 2220], [317, 2220], [585, 2220], [1058, 2220], [406, 2212], [694, 2212], [295, 2211], [508, 2210], [613, 2210], [695, 2210], [301, 1210], [998, 1010], [1000, 1001], [57, 1000], [245, 1000], [337, 1000], [361, 1000], [370, 1000], [416, 1000], [931, 1000], [1013, 1000], [1106, 1000], [1107, 1000], [1108, 1000], [1192, 1000], [707, 110], [296, 100], [302, 100], [971, 100], [172, 12], [118, 10], [121, 10], [183, 10], [259, 10], [278, 10], [279, 10], [283, 10], [286, 10], [287, 10], [525, 10], [862, 10], [868, 10], [928, 10], [1075, 10], [1129, 10], [1132, 10], [1194, 10], [1206, 10], [15, 2], [165, 2], [125, 1], [208, 1], [436, 1], [781, 1]]
48;[[154, 2222], [336, 2222], [436, 2222], [453, 2222], [568, 2222], [576, 2222], [850, 2222], [124, 2220], [495, 2220], [523, 2220], [548, 2220], [1142, 2220], [1231, 2122], [566, 1000], [44, 110], [493, 101], [72, 100], [74, 100], [312, 100], [386, 100], [257, 11], [967, 11], [190, 10], [765, 10], [766, 10], [786, 10], [143, 2], [422, 1], [691, 1], [1201, 1]]
49;[[138, 2222], [143, 2222], [313, 2222], [436, 2222], [493, 2222], [624, 2222], [972, 2222], [1198, 2222], [230, 2220], [393, 2220], [523, 2220], [562, 2220], [563, 2220], [691, 2220], [743, 2220], [504, 1222], [953, 1222], [625, 1221], [568, 1212], [392, 1010], [570, 1001], [440, 1000], [566, 1000], [72, 100], [726, 100], [749, 11], [84, 10], [370, 10], [430, 10], [553, 10], [465, 1], [503, 1], [505, 1], [530, 1], [586, 1], [608, 1]]
50;[[259, 2222], [435, 2222], [495, 2222], [548, 2222], [848, 2222], [961, 2222], [1157, 2222], [953, 1222], [973, 1220], [1156, 1121], [1159, 1121], [440, 1001], [568, 1001], [44, 100], [309, 100], [543, 100], [1058, 100], [347, 1], [505, 1], [570, 1], [575, 1], [601, 1], [634, 1], [829, 1], [1160, 1]]
51;[[85, 2222], [122, 2222], [141, 2222], [201, 2222], [214, 2222], [225, 2222], [249, 2222], [306, 2222], [444, 2222], [445, 2222], [481, 2222], [490, 2222], [504, 2222], [535, 2222], [560, 2222], [564, 2222], [565, 2222], [569, 2222], [572, 2222], [573, 2222], [574, 2222], [575, 2222], [646, 2222], [685, 2222], [726, 2222], [738, 2222], [739, 2222], [740, 2222], [741, 2222], [744, 2222], [746, 2222], [748, 2222], [749, 2222], [827, 2222], [918, 2222], [921, 2222], [949, 2222], [950, 2222], [957, 2222], [1026, 2222], [1076, 2222], [1208, 2222], [1209, 2222], [26, 2221], [137, 2221], [304, 2221], [407, 2221], [501, 2221], [532, 2221], [566, 2221], [966, 2221], [1200, 2221], [1204, 2221], [112, 2212], [142, 2212], [235, 2212], [270, 2212], [302, 2212], [303, 2212], [305, 2212], [892, 2212], [114, 2211], [236, 2211], [484, 2211], [528, 2211], [529, 2211], [530, 2211], [531, 2211], [534, 2211], [553, 2211], [563, 2211], [829, 2211], [958, 2211], [277, 2210], [789, 2210], [442, 2122], [494, 2122], [1203, 2122], [1207, 2122], [1212, 2122], [191, 2121], [400, 2112], [681, 2112], [869, 2112], [254, 2111], [308, 2111], [419, 2111], [386, 1222], [465, 1222], [568, 1222], [570, 1222], [608, 1222], [1167, 1222], [1211, 1222], [1236, 1222], [1044, 1221], [1156, 1221], [954, 1220], [1238, 1220], [365, 1212], [325, 1211], [366, 1211], [418, 1211], [864, 1211], [1196, 1211], [19, 1210], [521, 1210], [1024, 1210], [392, 1122], [498, 1122], [605, 1122], [1210, 1121], [18, 1120], [44, 1120], [67, 1112], [72, 1112], [84, 1112], [370, 1112], [1120, 1112], [107, 1102], [333, 1101], [415, 1101], [102, 1100], [264, 1100], [639, 1100], [675, 1100], [1070, 1100], [383, 1012], [430, 1011], [511, 1011], [360, 1002], [636, 1002], [297, 1001], [337, 1001], [779, 1001], [891, 1001], [925, 1001], [956, 1001], [571, 1000], [707, 1000], [868, 1000], [926, 1000], [1199, 1000], [307, 102], [562, 102], [1074, 102], [493, 101], [590, 101], [856, 101], [1, 100], [11, 100], [14, 100], [51, 100], [55, 100], [62, 100], [63, 100], [216, 100], [217, 100], [218, 100], [219, 100], [221, 100], [222, 100], [245, 100], [252, 100], [263, 100], [289, 100], [345, 100], [355, 100], [790, 100], [828, 100], [852, 100], [857, 100], [936, 100], [1027, 100], [1057, 100], [1127, 100], [1135, 100], [1137, 100], [1139, 100], [1141, 100], [279, 12], [196, 11], [281, 11], [391, 11], [503, 11], [517, 11], [589, 10], [737, 10], [1202, 10], [124, 2], [417, 2], [865, 2], [1091, 2], [1234, 2], [66, 1], [83, 1], [108, 1], [135, 1], [177, 1], [190, 1], [200, 1], [230, 1], [276, 1], [311, 1], [322, 1], [343, 1], [382, 1], [402, 1], [435, 1], [437, 1], [440, 1], [488, 1], [495, 1], [502, 1], [505, 1], [510, 1], [526, 1], [548, 1], [576, 1], [625, 1], [627, 1], [643, 1], [733, 1], [745, 1], [747, 1], [793, 1], [847, 1], [858, 1], [861, 1], [866, 1], [875, 1], [881, 1], [889, 1], [905, 1], [933, 1], [990, 1], [991, 1], [1001, 1], [1065, 1], [1079, 1], [1198, 1]]
52;[[406, 2222], [505, 10]]
53;[[987, 2221], [447, 2220], [401, 2210], [432, 1212], [1170, 1210], [577, 1110], [347, 1100], [590, 1010], [767, 1001], [1, 1000], [55, 1000], [81, 1000], [188, 1000], [223, 1000], [228, 1000], [505, 1000], [509, 1000], [1228, 111], [1229, 111], [917, 100], [370, 10], [11, 2], [160, 1]]
54;[[11, 2222], [211, 2222], [228, 2222], [229, 2222], [358, 2222], [382, 2222], [432, 2222], [819, 2222], [964, 2222], [1060, 2222], [1005, 2221], [631, 2212], [904, 2212], [1163, 2212], [917, 2210], [402, 2122], [812, 2122], [1007, 2122], [1048, 2122], [369, 2121], [485, 2121], [394, 2120], [488, 2120], [1134, 2112], [401, 2111], [577, 2110], [1169, 1222], [223, 1122], [632, 1122], [716, 1101], [187, 1011], [55, 1010], [513, 1002], [767, 1001], [941, 1001], [990, 1001], [1013, 1001], [613, 1000], [1164, 112], [552, 101], [626, 101], [23, 100], [206, 100], [607, 100], [771, 100], [905, 100], [1099, 100], [1171, 100], [1237, 100], [341, 12], [347, 12], [333, 11], [505, 11], [590, 11], [860, 2], [1003, 2], [547, 1], [550, 1], [790, 1], [793, 1], [806, 1], [1192, 1]]
55;[[521, 2222], [432, 2122], [530, 2122], [391, 2110], [1205, 2110], [828, 1210], [820, 1122], [232, 1100], [463, 1100], [1070, 1100], [640, 1010], [779, 1010], [505, 1001], [890, 1001], [347, 1000], [675, 1000], [1056, 1000], [70, 100], [305, 100], [749, 10], [847, 10], [358, 2], [430, 1], [1156, 1]]
56;[[767, 2222], [181, 1012], [212, 1012], [185, 1001], [55, 1000], [783, 1000], [89, 110], [288, 110], [290, 110], [292, 110], [414, 100], [424, 100], [432, 100], [443, 100], [758, 100], [794, 100], [919, 100], [924, 100], [925, 100], [928, 100], [970, 100], [972, 100], [1066, 100], [1102, 100], [1115, 100], [1239, 100], [1091, 12], [450, 2], [123, 1], [135, 1], [1093, 1], [1234, 1]]
57;[[590, 2222], [588, 2220], [790, 2220], [988, 2220], [223, 2211], [346, 2120], [432, 2120], [865, 2110], [1095, 2110], [1, 1222], [394, 1220], [983, 1220], [778, 1210], [905, 1210], [987, 1121], [860, 1120], [986, 1120], [1173, 1120], [178, 1110], [370, 1110], [1203, 1100], [188, 1010], [989, 1010], [160, 1001], [228, 1000], [369, 1000], [415, 1000], [513, 1000], [784, 1000], [833, 1000], [812, 101], [890, 101], [8, 100], [79, 100], [177, 100], [200, 100], [397, 100], [447, 100], [1086, 100], [1090, 100], [282, 12], [1091, 11], [62, 10], [80, 10], [81, 10], [577, 10], [668, 10], [1170, 2], [1171, 2], [6, 1], [11, 1]]
58;[[1, 2222], [6, 2222], [7, 2222], [160, 2222], [590, 2222], [591, 2222], [790, 2222], [860, 2222], [983, 2222], [986, 2222], [987, 2222], [988, 2222], [989, 2222], [1173, 2222], [223, 2221], [1170, 2221], [369, 2220], [905, 2220], [1077, 2220], [80, 2212], [778, 2212], [812, 2212], [394, 2211], [917, 2211], [55, 2210], [82, 2210], [271, 2210], [178, 2122], [346, 2122], [432, 2122], [447, 2122], [577, 2122], [588, 2122], [865, 2122], [890, 2122], [188, 2121], [347, 2121], [614, 2121], [187, 2120], [228, 2120], [631, 2120], [62, 2112], [63, 2110], [179, 2110], [589, 2110], [229, 1220], [1171, 1122], [769, 1121], [505, 1120], [874, 1112], [370, 1100], [1025, 1100], [668, 1021], [48, 1010], [200, 1002], [784, 1002], [282, 1001], [335, 1001], [415, 1001], [384, 1000], [1228, 1000], [513, 111], [903, 110], [43, 100], [60, 100], [397, 100], [429, 100], [511, 100], [964, 100], [1086, 100], [1090, 100], [1091, 11], [111, 10], [366, 10], [392, 10], [463, 10], [517, 10], [609, 10], [748, 10], [749, 10], [81, 2], [1134, 2], [102, 1], [164, 1], [402, 1], [427, 1], [457, 1], [485, 1], [550, 1], [805, 1], [820, 1], [912, 1], [990, 1], [1005, 1], [1234, 1]]
59;[[55, 2222], [223, 2222], [402, 2222], [577, 2222], [668, 2222], [812, 2222], [989, 2222], [1077, 2222], [905, 2221], [394, 2212], [767, 2212], [401, 2122], [432, 2122], [784, 2122], [865, 2122], [1074, 2122], [397, 2121], [833, 2121], [1025, 2121], [1102, 2121], [790, 2120], [284, 2112], [509, 2112], [936, 2112], [102, 2111], [214, 2111], [279, 2111], [365, 2111], [366, 2111], [689, 2111], [229, 1222], [608, 1220], [1173, 1210], [505, 1122], [670, 1122], [1095, 1122], [565, 1121], [1163, 1121], [228, 1112], [513, 1112], [1171, 1112], [903, 1111], [1205, 1111], [191, 1102], [122, 1100], [1044, 1100], [84, 1012], [107, 1012], [590, 1012], [275, 1011], [370, 1011], [572, 1011], [574, 1011], [81, 1002], [347, 1002], [386, 1001], [485, 1001], [827, 1001], [79, 1000], [1203, 1000], [48, 112], [588, 112], [335, 111], [166, 110], [860, 102], [874, 102], [983, 102], [986, 102], [988, 102], [18, 101], [160, 101], [346, 101], [631, 101], [778, 101], [917, 101], [111, 100], [609, 100], [869, 100], [964, 100], [1060, 12], [1172, 12], [392, 11], [1091, 11], [45, 10], [245, 10], [425, 10], [685, 10], [977, 10], [1056, 10], [1143, 10], [1, 2], [62, 2], [63, 2], [80, 2], [187, 2], [415, 2], [447, 2], [521, 2], [530, 2], [591, 2], [614, 2], [987, 2], [1134, 2], [1228, 2], [6, 1], [11, 1], [67, 1], [110, 1], [164, 1], [177, 1], [179, 1], [188, 1], [200, 1], [281, 1], [306, 1], [333, 1], [369, 1], [382, 1], [427, 1], [430, 1], [442, 1], [444, 1], [452, 1], [465, 1], [504, 1], [524, 1], [607, 1], [678, 1], [679, 1], [738, 1], [748, 1], [769, 1], [820, 1], [828, 1], [882, 1], [912, 1], [937, 1], [990, 1], [1005, 1], [1007, 1], [1071, 1], [1075, 1], [1097, 1], [1170, 1], [1232, 1]]
60;[[100, 2222], [348, 2222], [1004, 2222], [446, 2220], [698, 2122], [587, 2120], [597, 2120], [241, 2112], [155, 1220], [322, 1210], [1041, 1110], [1043, 1110], [1047, 1110], [1192, 1100], [519, 1010], [653, 1010], [990, 1002], [354, 1000], [370, 1000], [550, 1000], [267, 111], [17, 101], [87, 100], [1110, 12], [751, 10], [340, 2], [1046, 2], [722, 1], [724, 1], [764, 1], [1000, 1], [1040, 1], [1104, 1], [1194, 1]]
61;[[195, 2222], [196, 2222], [383, 2222], [437, 2222], [501, 2222], [502, 2222], [505, 2222], [605, 2222], [685, 2222], [754, 2212], [969, 2122], [531, 2121], [1079, 1122], [490, 1120], [481, 1101], [370, 1012], [10, 1010], [432, 1002], [511, 1001], [570, 1001], [590, 1001], [465, 112], [498, 102], [62, 100], [63, 100], [114, 100], [197, 100], [358, 100], [439, 100], [500, 100], [827, 100], [875, 100], [980, 100], [532, 10], [535, 10], [565, 10], [726, 10], [738, 10], [739, 10], [741, 10], [847, 10], [1207, 10], [1208, 10], [200, 2], [882, 2], [990, 2], [1092, 2], [1093, 2], [56, 1], [132, 1], [187, 1], [226, 1], [298, 1], [347, 1], [427, 1], [434, 1], [517, 1], [668, 1], [735, 1], [763, 1], [767, 1], [864, 1], [865, 1], [912, 1], [944, 1], [1040, 1], [1098, 1], [1188, 1], [1234, 1], [1236, 1]]
62;[[148, 2222], [438, 2221], [842, 2221], [437, 2220], [607, 2220], [370, 2212], [17, 2211], [193, 2211], [192, 2210], [194, 2210], [806, 2122], [1073, 2122], [550, 2112], [155, 2111], [907, 2110], [64, 1220], [473, 1210], [1214, 1210], [722, 1122], [1151, 1121], [736, 1120], [837, 1120], [226, 1112], [197, 1110], [763, 1102], [63, 1101], [698, 1101], [904, 1101], [703, 1100], [331, 1011], [768, 1011], [941, 1011], [56, 1010], [558, 1010], [663, 1010], [348, 1002], [724, 1002], [882, 1002], [888, 1002], [990, 1002], [1000, 1002], [1023, 1002], [144, 1001], [200, 1001], [297, 1001], [333, 1001], [354, 1001], [382, 1001], [761, 1001], [764, 1001], [69, 1000], [244, 1000], [321, 1000], [330, 1000], [340, 1000], [349, 1000], [358, 1000], [372, 1000], [383, 1000], [427, 1000], [429, 1000], [446, 1000], [472, 1000], [537, 1000], [734, 1000], [787, 1000], [819, 1000], [879, 1000], [885, 1000], [886, 1000], [912, 1000], [913, 1000], [937, 1000], [944, 1000], [964, 1000], [1032, 1000], [1038, 1000], [1039, 1000], [1071, 1000], [1195, 1000], [803, 111], [1234, 101], [43, 100], [62, 100], [110, 100], [182, 100], [211, 100], [224, 100], [458, 100], [459, 100], [460, 100], [465, 100], [479, 100], [505, 100], [539, 100], [804, 100], [914, 100], [969, 100], [359, 12], [238, 11], [60, 10], [88, 10], [486, 10], [590, 10], [677, 10], [783, 10], [267, 2], [822, 2], [844, 2], [845, 2], [889, 2], [1040, 2], [1080, 2], [10, 1], [24, 1], [72, 1], [94, 1], [160, 1], [237, 1], [322, 1], [434, 1], [551, 1], [559, 1], [580, 1], [586, 1], [643, 1], [704, 1], [729, 1], [731, 1], [735, 1], [767, 1], [821, 1], [843, 1], [870, 1], [880, 1], [920, 1], [945, 1], [1022, 1], [1033, 1], [1042, 1], [1093, 1], [1104, 1], [1192, 1], [1232, 1]]
63;[[429, 2222], [463, 2222], [1155, 2222], [347, 2220], [499, 2220], [976, 2210], [1228, 2120], [1229, 2120], [434, 2110], [1171, 2110], [1192, 1210], [592, 1100], [322, 1010], [698, 1000], [922, 1000], [805, 101], [23, 100], [62, 100], [63, 100], [374, 100], [437, 100], [490, 100], [500, 100], [501, 100], [502, 100], [505, 100], [669, 100], [803, 100], [980, 100], [370, 10], [821, 10], [1091, 10], [1, 1], [166, 1], [438, 1], [704, 1], [724, 1], [763, 1], [1040, 1]]
64;[[22, 2222], [372, 2222], [437, 2222], [814, 2222], [842, 2222], [1038, 2222], [1195, 2222], [64, 1211], [370, 1110], [963, 1001], [349, 1000], [358, 1000], [144, 101], [148, 101], [197, 101], [227, 100], [472, 100], [17, 12], [606, 10], [674, 10], [722, 10], [20, 2], [550, 2], [844, 2], [889, 2], [1000, 2], [1091, 2], [1093, 2], [24, 1], [155, 1], [160, 1], [267, 1], [322, 1], [331, 1], [382, 1], [434, 1], [590, 1], [605, 1], [698, 1], [703, 1], [724, 1], [768, 1], [882, 1], [907, 1], [944, 1], [1033, 1], [1067, 1], [1071, 1], [1076, 1], [1188, 1]]
65;[[64, 2222], [144, 2222], [194, 2222], [211, 2222], [437, 2222], [578, 2222], [842, 2222], [1038, 2222], [1073, 2222], [1046, 2221], [192, 2220], [904, 2220], [372, 2212], [24, 2122], [155, 2122], [387, 2122], [388, 2122], [674, 2122], [1237, 2122], [20, 2121], [349, 2112], [368, 2112], [885, 2112], [886, 2112], [699, 2111], [1007, 1220], [370, 1212], [206, 1211], [964, 1210], [1151, 1122], [1195, 1122], [736, 1121], [1099, 1121], [606, 1111], [722, 1012], [1045, 1012], [1067, 1012], [821, 1010], [87, 1002], [814, 1002], [358, 1000], [1006, 1000], [22, 112], [148, 102], [197, 102], [1048, 101], [224, 100], [539, 100], [819, 100], [17, 12], [341, 12], [331, 11], [653, 11], [323, 2], [550, 2], [597, 2], [990, 2], [1000, 2], [1092, 2], [1234, 2], [93, 1], [132, 1], [135, 1], [227, 1], [238, 1], [267, 1], [297, 1], [322, 1], [383, 1], [386, 1], [519, 1], [543, 1], [546, 1], [587, 1], [599, 1], [611, 1], [629, 1], [763, 1], [788, 1], [803, 1], [833, 1], [882, 1], [889, 1], [913, 1], [963, 1], [1042, 1], [1093, 1], [1149, 1], [1150, 1], [1153, 1], [1164, 1], [1188, 1], [1214, 1], [1232, 1]]
66;[[322, 2222], [429, 2222], [1192, 2222], [348, 2212], [370, 2212], [434, 2212], [100, 2210], [1155, 2120], [340, 2110], [463, 1220], [698, 1102], [200, 1101], [350, 1012], [821, 1011], [763, 1002], [944, 1002], [446, 1000], [498, 1000], [788, 1000], [907, 1000], [912, 1000], [63, 100], [187, 100], [837, 100], [969, 100], [976, 100], [980, 100], [1004, 100], [17, 12], [148, 12], [558, 11], [1194, 11], [607, 10], [771, 10], [1214, 10], [22, 2], [722, 2], [724, 2], [736, 2], [882, 2], [990, 2], [1, 1], [10, 1], [11, 1], [13, 1], [155, 1], [160, 1], [166, 1], [267, 1], [385, 1], [427, 1], [590, 1], [605, 1], [630, 1], [731, 1], [767, 1], [913, 1], [1098, 1], [1104, 1], [1109, 1], [1134, 1], [1195, 1], [1226, 1]]
67;[[914, 2220], [148, 2212], [910, 2120], [472, 1220], [370, 1012], [724, 1001], [354, 1000], [43, 100], [473, 100], [519, 100], [842, 11], [1234, 2], [61, 1], [764, 1]]
68;[[543, 2222], [1003, 2222], [195, 2220], [349, 2212], [206, 2121], [964, 2120], [1099, 2120], [438, 1220], [90, 1112], [904, 1111], [1164, 1110], [341, 1100], [1048, 1100], [546, 1002], [734, 1002], [64, 1000], [358, 1000], [370, 1000], [819, 1000], [913, 1000], [1172, 1000], [11, 100], [1134, 100], [437, 10], [1149, 10], [1150, 10], [889, 2], [1046, 2], [1093, 2], [135, 1], [297, 1], [327, 1], [331, 1], [359, 1], [550, 1], [607, 1], [632, 1], [826, 1], [838, 1], [882, 1], [944, 1], [969, 1], [1000, 1], [1040, 1], [1234, 1]]
69;[[193, 2222], [703, 2222], [907, 2222], [363, 2122], [438, 2122], [359, 2112], [370, 1112], [1000, 1102], [944, 1101], [1234, 1101], [327, 1001], [326, 1], [550, 1], [724, 1], [837, 1]]
70;[[340, 2222], [698, 2222], [804, 2222], [1009, 2222], [1032, 2222], [1104, 2222], [438, 1122], [370, 1112], [1000, 1102], [1234, 1102], [944, 1101], [327, 1001], [17, 100], [722, 100], [952, 100], [837, 1], [1232, 1]]
71;[[148, 2222], [56, 1000], [327, 1000], [11, 10], [370, 1], [547, 1]]
72;[[732, 2222], [323, 2220], [682, 2122], [683, 2120], [58, 1011], [250, 1000], [733, 2], [333, 1], [837, 1], [941, 1], [1000, 1], [1019, 1], [1125, 1]]
73;[[50, 2222], [227, 2222], [630, 2222], [843, 2222], [844, 2222], [629, 2220], [359, 2112], [806, 2110], [224, 1122], [438, 1122], [370, 1111], [1228, 10], [1229, 10], [1093, 2], [724, 1], [990, 1], [1000, 1], [1234, 1]]
74;[[914, 2222], [148, 2220], [910, 2122], [724, 1001], [370, 1000], [1093, 2], [1000, 1]]
75;[[316, 2222], [446, 2222], [359, 2110], [370, 1112], [944, 1101], [1110, 1012], [348, 1010], [354, 1010], [587, 1010], [519, 1001], [100, 1000], [597, 1000], [1043, 1000], [1047, 1000], [751, 110], [241, 102], [1235, 100], [273, 11], [757, 10], [1234, 2], [837, 1]]
76;[[606, 2222], [437, 2212], [1188, 1222], [1007, 1012], [438, 1011], [1048, 1010], [370, 110], [359, 101], [330, 100], [329, 1], [731, 1], [882, 1], [889, 1], [1023, 1], [1039, 1], [1080, 1], [1134, 1]]
77;[[27, 2222], [323, 2222], [546, 2222], [629, 2222], [734, 2222], [754, 2222], [1006, 2222], [1012, 2222], [1034, 2222], [1035, 2222], [1220, 2222], [195, 2221], [630, 2221], [843, 2122], [844, 2122], [1152, 2122], [1153, 2122], [359, 2112], [437, 1222], [438, 1222], [227, 1220], [90, 1212], [327, 1212], [963, 1211], [224, 1122], [1138, 1122], [370, 1112], [939, 1112], [1149, 1112], [1234, 1102], [329, 1012], [542, 1010], [806, 1000], [1150, 112], [592, 110], [330, 102], [25, 101], [135, 101], [128, 12], [31, 10], [321, 10], [326, 10], [722, 2], [731, 2], [735, 2], [845, 2], [882, 2], [889, 2], [944, 2], [990, 2], [1092, 2], [1093, 2], [50, 1], [148, 1], [168, 1], [197, 1], [226, 1], [267, 1], [297, 1], [298, 1], [333, 1], [428, 1], [550, 1], [551, 1], [558, 1], [586, 1], [663, 1], [724, 1], [729, 1], [826, 1], [837, 1], [839, 1], [879, 1], [912, 1], [937, 1], [941, 1], [1023, 1], [1040, 1], [1080, 1], [1134, 1], [1188, 1], [1232, 1]]
78;[[320, 2222], [680, 2222], [1021, 2222], [1111, 2222], [1181, 2222], [802, 2221], [255, 2212], [373, 2212], [459, 1220], [253, 1211], [159, 1122], [452, 1122], [686, 1111], [370, 1011], [1227, 1010], [146, 1002], [184, 1000], [460, 1000], [61, 112], [1091, 112], [1179, 111], [1180, 111], [438, 102], [427, 101], [556, 101], [1234, 101], [65, 100], [90, 100], [93, 100], [238, 100], [315, 100], [321, 100], [326, 100], [330, 100], [333, 100], [479, 100], [663, 100], [753, 100], [838, 100], [912, 100], [945, 100], [1019, 100], [1065, 100], [1112, 100], [1071, 12], [152, 11], [179, 11], [1010, 11], [1081, 11], [135, 10], [161, 10], [648, 10], [800, 10], [282, 2], [1042, 2], [1078, 2], [1086, 2], [1089, 2], [1090, 2], [1093, 2], [82, 1], [188, 1], [265, 1], [359, 1], [451, 1], [696, 1], [718, 1], [722, 1], [724, 1], [731, 1], [734, 1], [884, 1], [889, 1], [944, 1], [1015, 1], [1069, 1], [1118, 1]]
79;[[1112, 2222], [1181, 2222], [650, 2221], [320, 2220], [384, 2210], [945, 2210], [1082, 2120], [648, 1211], [373, 1210], [923, 1210], [123, 1121], [438, 1121], [1179, 1100], [1234, 1100], [359, 1011], [826, 1001], [944, 1001], [75, 1000], [179, 1000], [184, 1000], [370, 1000], [1010, 1000], [135, 101], [330, 101], [1091, 101], [65, 100], [255, 100], [427, 100], [452, 100], [663, 100], [838, 100], [912, 100], [1065, 100], [315, 10], [146, 2], [132, 1], [148, 1], [333, 1], [829, 1], [882, 1], [1000, 1], [1023, 1], [1089, 1]]
80;[[460, 2222], [1227, 2222], [696, 2220], [458, 2122], [1078, 2122], [753, 1212], [800, 1111], [945, 1101], [1042, 1101], [1234, 1101], [159, 1100], [238, 1010], [61, 1000], [451, 1000], [612, 1000], [884, 1000], [1010, 1000], [333, 101], [1071, 101], [135, 100], [152, 100], [427, 100], [438, 100], [452, 100], [453, 100], [459, 100], [663, 100], [1065, 100], [1091, 100], [1179, 100], [1180, 100], [330, 1], [722, 1], [912, 1]]
81;[[321, 2222], [734, 2222], [1092, 2220], [546, 2212], [542, 2120], [438, 1121], [370, 1111], [90, 1011], [326, 1011], [941, 1001], [31, 10], [93, 10], [253, 10], [592, 10], [990, 2], [132, 1], [135, 1], [195, 1], [359, 1], [550, 1], [551, 1], [586, 1], [729, 1], [731, 1], [944, 1], [1134, 1], [1232, 1], [1234, 1]]
82;[[25, 2222], [90, 2222], [93, 2222], [321, 2222], [326, 2222], [438, 2222], [963, 2221], [1003, 2220], [135, 2122], [546, 2122], [734, 2122], [542, 2120], [253, 2112], [359, 2112], [370, 1112], [1234, 1102], [327, 1012], [458, 1010], [159, 1002], [826, 1000], [1078, 1000], [944, 101], [543, 12], [941, 11], [592, 10], [31, 2], [152, 2], [132, 1], [148, 1], [189, 1], [195, 1], [197, 1], [238, 1], [297, 1], [330, 1], [331, 1], [333, 1], [427, 1], [550, 1], [551, 1], [586, 1], [722, 1], [724, 1], [729, 1], [731, 1], [837, 1], [845, 1], [879, 1], [882, 1], [889, 1], [904, 1], [912, 1], [937, 1], [952, 1], [990, 1], [1000, 1], [1040, 1], [1092, 1], [1150, 1], [1188, 1], [1227, 1], [1232, 1]]
83;[[166, 2221], [18, 2121], [1143, 1220], [432, 1212], [1203, 1212], [1102, 1120], [447, 1100], [370, 1011], [609, 1000], [505, 101], [1077, 101], [238, 100], [366, 100], [394, 100], [427, 100], [988, 100], [989, 100], [1074, 100], [1091, 100], [1170, 100], [1171, 100], [590, 11], [767, 2], [187, 1], [430, 1], [463, 1], [501, 1], [517, 1], [550, 1], [668, 1], [905, 1], [912, 1]]
84;[[160, 2221], [986, 1100], [922, 1001], [1112, 1001], [346, 1000], [384, 1000], [555, 1000], [8, 102], [333, 100], [952, 100], [590, 10], [778, 10], [837, 1], [912, 1], [1086, 1], [1179, 1]]
85;[[1018, 2222], [1118, 2222], [475, 2120], [982, 2120], [29, 1212], [202, 1121], [200, 1002], [370, 1001], [88, 1000], [432, 1000], [589, 1000], [58, 112], [250, 100], [983, 100], [1019, 100], [179, 2], [427, 2], [98, 1], [438, 1], [469, 1], [590, 1], [724, 1], [732, 1], [733, 1], [888, 1], [912, 1], [941, 1], [969, 1], [1022, 1], [1036, 1], [1065, 1]]
86;[[554, 2222], [8, 2221], [271, 2212], [590, 2211], [346, 2111], [983, 2110], [148, 1212], [110, 1211], [769, 1110], [1173, 1100], [370, 1011], [722, 1011], [152, 1002], [384, 1000], [577, 1000], [160, 112], [238, 110], [135, 101], [505, 101], [763, 101], [944, 101], [945, 101], [1000, 101], [85, 100], [1077, 100], [330, 11], [1091, 11], [61, 2], [990, 2], [200, 1], [427, 1], [555, 1], [586, 1], [731, 1], [922, 1], [952, 1], [1015, 1], [1033, 1], [1071, 1], [1086, 1], [1090, 1], [1112, 1], [1118, 1], [1181, 1], [1227, 1], [1232, 1], [1234, 1]]
87;[[187, 2222], [228, 2222], [229, 2222], [369, 2222], [1005, 2222], [1015, 2221], [432, 2122], [1060, 2120], [860, 1210], [370, 1111], [438, 1102], [401, 1100], [590, 1012], [223, 1001], [631, 1001], [819, 1001], [333, 101], [513, 101], [550, 101], [812, 101], [1071, 101], [1134, 101], [382, 100], [945, 100], [1007, 100], [1025, 100], [1032, 100], [394, 1], [485, 1], [632, 1], [668, 1], [722, 1], [833, 1], [990, 1], [1163, 1], [1169, 1], [1180, 1], [1234, 1]]
88;[[457, 2222], [614, 2220], [1091, 1211], [590, 1012], [370, 1011], [678, 110], [679, 110], [702, 100], [945, 100], [1144, 100], [443, 2], [668, 1], [990, 1], [1134, 1]]
89;[[469, 2222], [176, 2221], [260, 2212], [79, 1210], [905, 1210], [912, 1101], [706, 1100], [370, 1000], [479, 1000], [177, 110], [778, 100], [1065, 100], [590, 10], [152, 2], [265, 2], [179, 1], [1086, 1]]
90;[[590, 2222], [884, 2222], [177, 2212], [265, 2212], [451, 2122], [7, 1222], [176, 1222], [912, 1212], [1086, 1211], [1090, 1210], [200, 1122], [479, 1120], [260, 1012], [370, 1000], [1091, 112], [778, 110], [987, 100], [1065, 100], [1238, 10], [160, 1], [161, 1], [505, 1], [589, 1], [763, 1], [874, 1], [1071, 1], [1089, 1], [1234, 1]]
91;[[95, 2222], [97, 2222], [182, 2222], [267, 2222], [413, 2222], [468, 2222], [700, 2222], [722, 2222], [728, 2222], [732, 2222], [756, 2222], [770, 2222], [997, 2222], [1095, 2222], [1189, 2222], [1216, 2222], [1217, 2222], [1219, 2222], [1226, 2222], [88, 2221], [322, 2221], [376, 2221], [381, 2221], [422, 2221], [475, 2221], [870, 2221], [974, 2221], [1184, 2221], [183, 2220], [186, 2220], [240, 2220], [364, 2220], [803, 2220], [1097, 2220], [57, 2212], [266, 2212], [370, 2212], [998, 2212], [1118, 2212], [98, 2211], [396, 2211], [314, 2210], [682, 2210], [683, 2210], [250, 2122], [294, 2122], [353, 2122], [362, 2122], [733, 2122], [759, 2122], [781, 2122], [787, 2122], [801, 2122], [808, 2122], [822, 2122], [859, 2122], [893, 2122], [965, 2122], [1000, 2122], [1018, 2122], [1177, 2122], [395, 2121], [598, 2121], [615, 2121], [474, 2120], [552, 2112], [763, 2112], [797, 2112], [833, 2112], [69, 2111], [579, 2110], [603, 2012], [385, 1221], [1098, 1221], [317, 1220], [684, 1220], [796, 1220], [58, 1212], [550, 1212], [29, 1211], [59, 1211], [139, 1211], [174, 1211], [594, 1211], [204, 1210], [466, 1210], [611, 1210], [695, 1210], [1125, 1210], [985, 1122], [202, 1120], [478, 1120], [900, 1120], [339, 1111], [641, 1111], [752, 1111], [799, 1110], [764, 1102], [784, 1102], [423, 1100], [798, 1100], [103, 1012], [105, 1012], [109, 1012], [116, 1012], [119, 1012], [359, 1011], [836, 1010], [115, 1002], [434, 1002], [888, 1002], [990, 1002], [297, 1001], [443, 1001], [791, 1001], [941, 1001], [982, 1001], [1234, 1001], [794, 1000], [897, 1000], [914, 1000], [1103, 1000], [351, 110], [352, 110], [361, 110], [545, 110], [714, 110], [15, 102], [199, 102], [720, 102], [772, 102], [872, 102], [1235, 102], [11, 101], [17, 101], [46, 101], [508, 101], [559, 101], [601, 101], [690, 101], [724, 101], [1191, 101], [21, 100], [30, 100], [211, 100], [268, 100], [274, 100], [300, 100], [416, 100], [428, 100], [454, 100], [455, 100], [485, 100], [489, 100], [549, 100], [642, 100], [659, 100], [673, 100], [688, 100], [694, 100], [834, 100], [835, 100], [883, 100], [1106, 100], [1107, 100], [1108, 100], [1134, 100], [241, 12], [486, 12], [354, 11], [398, 11], [512, 11], [935, 11], [189, 10], [301, 10], [355, 10], [768, 10], [3, 2], [4, 2], [40, 2], [100, 2], [118, 2], [348, 2], [412, 2], [731, 2], [751, 2], [844, 2], [1019, 2], [1043, 2], [1047, 2], [1054, 2], [1056, 2], [1057, 2], [1058, 2], [1080, 2], [1093, 2], [1119, 2], [1, 1], [8, 1], [9, 1], [13, 1], [32, 1], [33, 1], [41, 1], [45, 1], [50, 1], [56, 1], [60, 1], [78, 1], [92, 1], [94, 1], [121, 1], [122, 1], [124, 1], [128, 1], [134, 1], [135, 1], [147, 1], [163, 1], [166, 1], [170, 1], [173, 1], [181, 1], [226, 1], [237, 1], [242, 1], [243, 1], [244, 1], [248, 1], [256, 1], [259, 1], [261, 1], [263, 1], [264, 1], [265, 1], [272, 1], [275, 1], [276, 1], [278, 1], [279, 1], [281, 1], [283, 1], [286, 1], [287, 1], [331, 1], [333, 1], [392, 1], [405, 1], [426, 1], [431, 1], [473, 1], [538, 1], [551, 1], [553, 1], [562, 1], [582, 1], [586, 1], [626, 1], [643, 1], [648, 1], [667, 1], [704, 1], [719, 1], [725, 1], [727, 1], [729, 1], [735, 1], [762, 1], [767, 1], [771, 1], [773, 1], [779, 1], [782, 1], [788, 1], [809, 1], [838, 1], [854, 1], [866, 1], [867, 1], [868, 1], [875, 1], [880, 1], [882, 1], [894, 1], [896, 1], [906, 1], [913, 1], [944, 1], [947, 1], [992, 1], [993, 1], [1023, 1], [1033, 1], [1040, 1], [1041, 1], [1051, 1], [1063, 1], [1085, 1], [1091, 1], [1115, 1], [1116, 1], [1186, 1], [1192, 1], [1232, 1]]
92;[[258, 2222], [472, 2222], [661, 2222], [722, 2222], [952, 2222], [1147, 2222], [145, 2222], [272, 2222], [473, 2221], [113, 2212], [705, 2210], [783, 2122], [1000, 2122], [1195, 2122], [1234, 2122], [180, 2122], [213, 2111], [599, 2111], [842, 2111], [354, 2110], [611, 2110], [914, 1210], [879, 1122], [489, 1121], [1232, 1121], [724, 1111], [1033, 1111], [934, 1110], [135, 1102], [370, 1102], [550, 1100], [910, 1100], [1192, 1100], [238, 1012], [778, 1011], [377, 1010], [514, 1010], [467, 1010], [333, 1002], [990, 1002], [586, 1002], [763, 1001], [764, 1001], [941, 1001], [130, 1000], [185, 1000], [193, 1000], [671, 1000], [687, 1000], [930, 101], [342, 100], [434, 100], [479, 100], [788, 100], [822, 100], [908, 100], [915, 100], [926, 100], [1031, 100], [93, 18], [226, 12], [465, 11], [559, 11], [858, 11], [489, 11], [692, 10], [826, 10], [148, 2], [586, 2], [731, 2], [845, 2], [1023, 2], [1093, 2], [999, 2], [1000, 2], [1020, 2], [1033, 2], [17, 1], [43, 1], [111, 1], [136, 1], [181, 1], [189, 1], [200, 1], [392, 1], [429, 1], [446, 1], [492, 1], [503, 1], [510, 1], [596, 1], [607, 1], [643, 1], [653, 1], [729, 1], [735, 1], [767, 1], [804, 1], [806, 1], [824, 1], [837, 1], [838, 1], [839, 1], [856, 1], [859, 1], [883, 1], [888, 1], [889, 1], [940, 1], [944, 1], [946, 1], [1014, 1], [1040, 1], [1066, 1], [1071, 1], [1151, 1], [1186, 1], [1188, 1], [1226, 1], [1227, 1], [422, 1], [550, 1], [722, 1], [724, 1], [873, 1], [1023, 1], [1233, 1]]
94;[[440, 2222], [494, 2222], [536, 2222], [742, 2222], [745, 2222], [1204, 2222], [309, 2122], [311, 2122], [955, 2122], [1143, 2122], [1197, 2122], [1199, 2122], [498, 1212], [1121, 1122], [1156, 1121], [1223, 1121], [370, 1010], [789, 1010], [78, 11], [209, 11], [114, 2], [270, 2], [277, 2], [571, 2], [1016, 2], [1091, 2], [1092, 2], [122, 1], [123, 1], [137, 1], [192, 1], [282, 1], [322, 1], [359, 1], [400, 1], [435, 1], [436, 1], [442, 1], [504, 1], [505, 1], [533, 1], [1158, 1], [1200, 1]]
95;[[603, 2120], [606, 2120], [30, 2112], [257, 1000], [43, 100], [322, 100], [192, 2], [12, 1], [1097, 1]]
96;[[454, 2222], [455, 2222], [673, 2222], [75, 2212], [40, 1001], [520, 1001], [43, 100], [526, 11], [883, 10], [9, 1], [527, 1], [1087, 1]]
97;[[539, 2222], [757, 2222], [751, 2210], [416, 1001], [68, 1000], [140, 101], [52, 100], [135, 1], [190, 1], [392, 1], [538, 1]]
98;[[728, 2222], [145, 2221], [272, 2210], [782, 2122], [180, 2120], [985, 2110], [787, 1011], [1019, 1000], [1118, 101], [1018, 100], [467, 10], [595, 10], [362, 2], [667, 2], [270, 1]]
99;[[268, 2222], [324, 2222], [449, 2122], [992, 1220], [1191, 1001]]
100;[[183, 2222], [579, 2222], [1017, 2212], [1000, 1212], [370, 1211], [803, 1100], [1097, 1100], [833, 110], [59, 101], [1232, 101], [1033, 1]]
