1;[[533, '2222'], [139, '1222'], [441, '2122'], [151, '2211'], [461, '1121'], [875, '1121'], [526, '1011'], [370, '1010'], [440, '0011'], [502, '0002'], [520, '1010'], [527, '1001'], [921, '1010'], [922, '1010'], [166, '0001'], [311, '0001'], [392, '0001'], [439, '0001'], [454, '0100'], [503, '1000'], [505, '0001'], [522, '0001'], [593, '1000'], [619, '0001'], [737, '0100'], [742, '0100'], [789, '0001'], [827, '0010'], [835, '0001'], [861, '0001'], [891, '0001'], [1175, '0100'], [1185, '0001'], [1222, '0001']]
2;[[875, '1011'], [434, '1001'], [592, '0002'], [169, '1000'], [454, '0100'], [498, '1000'], [499, '1000']]
3;[[633, '2222'], [139, '2122'], [375, '2221'], [856, '2112'], [454, '1220'], [527, '1220'], [440, '1120'], [1144, '1111'], [311, '0011'], [370, '1001'], [526, '1010'], [604, '0002'], [742, '1010'], [1196, '0002'], [23, '1000'], [40, '0010'], [190, '0001'], [221, '0001'], [246, '0001'], [309, '1000'], [325, '0001'], [345, '0010'], [347, '0010'], [356, '0010'], [374, '0001'], [439, '0001'], [515, '1000'], [520, '0010'], [524, '0010'], [533, '0001'], [535, '0010'], [560, '0010'], [561, '0001'], [571, '0010'], [584, '0010'], [623, '0010'], [733, '1000'], [854, '0100'], [950, '0010'], [967, '0001'], [1161, '0001'], [1172, '1000'], [1175, '0001']]
4;[[604, '2222'], [876, '2222'], [711, '2122'], [669, '1010'], [503, '0001'], [538, '0100'], [539, '0100'], [540, '0100'], [553, '0001']]
5;[[151, '2222'], [374, '2222'], [439, '2222'], [593, '2222'], [875, '2222'], [47, '2221'], [499, '2122'], [503, '2221'], [633, '2122'], [710, '2212'], [23, '2220'], [256, '2211'], [497, '2121'], [498, '1122'], [533, '2211'], [805, '2211'], [856, '2121'], [861, '1212'], [975, '2112'], [1064, '2220'], [370, '1211'], [461, '2120'], [496, '2120'], [895, '2210'], [980, '2120'], [1144, '2111'], [500, '1012'], [1175, '1120'], [325, '1011'], [347, '0012'], [465, '1002'], [511, '1101'], [114, '0011'], [343, '0002'], [386, '1001'], [430, '1001'], [516, '1010'], [524, '1010'], [553, '1001'], [592, '1001'], [604, '0002'], [711, '0002'], [724, '0002'], [731, '0002'], [733, '0002'], [843, '0002'], [867, '0101'], [876, '0002'], [888, '0002'], [889, '0002'], [982, '0002'], [990, '0002'], [1000, '0002'], [1092, '0002'], [1093, '0002'], [50, '0001'], [60, '0001'], [132, '0001'], [135, '0001'], [139, '0010'], [169, '0001'], [189, '0001'], [190, '0001'], [197, '0001'], [200, '0001'], [226, '0001'], [265, '0010'], [297, '0001'], [298, '0001'], [299, '0001'], [311, '0001'], [312, '0001'], [333, '0001'], [349, '0001'], [369, '0001'], [371, '0001'], [392, '0001'], [410, '0001'], [420, '0001'], [427, '0001'], [428, '0001'], [434, '0001'], [437, '0001'], [440, '0010'], [441, '0001'], [450, '0001'], [478, '0001'], [501, '0100'], [502, '0100'], [505, '0001'], [513, '0010'], [520, '1000'], [531, '0001'], [549, '0001'], [559, '0001'], [561, '0010'], [568, '0001'], [590, '0001'], [605, '0100'], [669, '0010'], [701, '0001'], [702, '1000'], [722, '0001'], [729, '0001'], [750, '0100'], [761, '0001'], [763, '0001'], [772, '0100'], [779, '0001'], [788, '0001'], [845, '0001'], [857, '1000'], [864, '0001'], [925, '0001'], [935, '0001'], [943, '0001'], [944, '0001'], [1019, '0001'], [1038, '0001'], [1040, '0001'], [1076, '0001'], [1080, '0001'], [1088, '0001'], [1091, '0001'], [1098, '0001'], [1156, '0001'], [1185, '0001'], [1188, '0001'], [1196, '1000'], [1223, '0001'], [1226, '0001']]
6;[[31, '2222'], [503, '1220'], [875, '1120'], [370, '0110'], [592, '1010'], [734, '0002'], [975, '1010'], [1093, '0002'], [25, '0010'], [90, '1000'], [195, '0100'], [326, '0001'], [438, '0001'], [440, '0010'], [441, '1000'], [511, '0010'], [586, '0001'], [593, '1000'], [722, '0001'], [731, '0001'], [805, '1000'], [922, '0010'], [963, '1000'], [1092, '0001']]
7;[[371, '2122'], [623, '2121'], [856, '2111'], [1064, '1120'], [166, '0002'], [256, '0101'], [439, '0101'], [1054, '1100'], [45, '0100'], [53, '0001'], [171, '0001'], [370, '0001'], [386, '0001'], [410, '0100'], [535, '0001'], [633, '0100'], [634, '0100'], [640, '0010'], [669, '0010'], [831, '0100'], [853, '0100'], [857, '0100'], [921, '0010'], [1027, '0100'], [1056, '0100'], [1057, '0100'], [1059, '0100'], [1161, '0001']]
8;[[23, '2112'], [499, '1122'], [683, '2220'], [1125, '2220'], [439, '1100'], [169, '1000'], [322, '0100'], [370, '1000'], [386, '1000'], [435, '0001'], [463, '0001'], [496, '1000'], [497, '0001'], [498, '1000'], [503, '0001'], [605, '0001'], [710, '1000'], [750, '0010'], [771, '1000'], [867, '1000'], [875, '0001'], [944, '0001']]
9;[[414, '2222'], [165, '1122'], [794, '2110'], [1115, '0102'], [992, '1010'], [174, '0001'], [362, '0001'], [370, '0001'], [443, '0100'], [1040, '0001']]
10;[[157, '2222'], [413, '2222'], [581, '2222'], [676, '2122'], [878, '2122'], [1115, '1222'], [1218, '2122'], [30, '2112'], [296, '1212'], [170, '1112'], [443, '1120'], [728, '1101'], [1239, '1101'], [126, '1001'], [370, '1100'], [782, '1010'], [301, '0001'], [322, '0001'], [715, '0010'], [722, '0001'], [758, '1000'], [835, '0010'], [941, '1000'], [1215, '0010'], [1234, '0001']]
11;[[796, '2222'], [909, '2222'], [991, '2222'], [798, '2212'], [96, '2210'], [518, '2110'], [428, '1002'], [772, '1010'], [1226, '0002'], [36, '0001'], [46, '0001'], [186, '1000'], [301, '1000'], [649, '0010'], [652, '0001'], [659, '0010'], [799, '0010'], [835, '1000'], [837, '0001'], [908, '1000'], [1119, '0100'], [1178, '1000']]
12;[[70, '2212'], [466, '2220'], [443, '2120'], [181, '0001'], [755, '0010'], [918, '1000'], [1115, '0001']]
13;[[314, '2222'], [156, '2112'], [791, '2211'], [301, '1112'], [322, '1220'], [695, '1220'], [443, '1120'], [902, '1101'], [462, '1010'], [763, '0101'], [1124, '0002'], [370, '0100'], [522, '0100'], [643, '1000'], [715, '0010'], [719, '0010'], [722, '0001'], [764, '0001'], [822, '0001'], [900, '0100'], [978, '1000'], [1017, '0010'], [1033, '0001'], [1097, '0001']]
14;[[150, '2222'], [815, '2222'], [852, '2222'], [899, '2222'], [1100, '2222'], [131, '2212'], [462, '2212'], [635, '2122'], [791, '2122'], [1124, '2122'], [233, '1122'], [344, '2112'], [405, '2112'], [1008, '2220'], [1117, '2220'], [234, '1121'], [345, '2210'], [367, '2210'], [417, '1211'], [616, '2120'], [465, '1102'], [777, '1012'], [370, '1110'], [602, '1011'], [941, '1011'], [1135, '1002'], [5, '1100'], [419, '0002'], [584, '1001'], [719, '0011'], [930, '0002'], [1013, '0011'], [1234, '1001'], [89, '0100'], [92, '0001'], [135, '0001'], [156, '1000'], [203, '0010'], [232, '0010'], [291, '0001'], [297, '0001'], [314, '1000'], [319, '0010'], [356, '0001'], [379, '0001'], [413, '0001'], [421, '0001'], [424, '0001'], [492, '1000'], [662, '0100'], [695, '0010'], [809, '0010'], [889, '0001'], [1000, '0001'], [1206, '1000']]
15;[[204, '2222'], [266, '2222'], [385, '2222'], [422, '2222'], [443, '2222'], [720, '2222'], [870, '2222'], [1184, '2222'], [1192, '2222'], [59, '2122'], [205, '2212'], [301, '2122'], [322, '2122'], [339, '2212'], [423, '2221'], [601, '2122'], [700, '2212'], [752, '2212'], [99, '2112'], [174, '2220'], [355, '2112'], [545, '1212'], [549, '2112'], [690, '2121'], [722, '1122'], [994, '1221'], [1235, '2220'], [364, '1112'], [370, '2111'], [410, '1102'], [474, '1120'], [763, '1102'], [149, '1011'], [854, '1101'], [944, '1002'], [1000, '1002'], [1162, '0012'], [197, '1001'], [226, '0002'], [398, '0011'], [603, '0011'], [642, '1010'], [725, '1010'], [747, '1010'], [764, '1001'], [822, '0002'], [844, '0002'], [863, '1001'], [900, '1001'], [990, '0002'], [1013, '1001'], [1016, '1001'], [1040, '0002'], [1098, '0002'], [1115, '0002'], [1226, '0002'], [17, '0001'], [63, '1000'], [72, '0001'], [91, '0001'], [95, '0001'], [97, '0001'], [98, '0001'], [135, '0001'], [232, '0100'], [238, '0001'], [297, '0001'], [350, '0001'], [354, '0001'], [408, '0100'], [413, '0100'], [414, '0100'], [420, '0001'], [424, '0010'], [426, '0001'], [434, '0001'], [550, '0001'], [611, '0001'], [643, '0001'], [657, '0001'], [673, '0001'], [724, '0001'], [729, '0001'], [731, '0001'], [735, '0001'], [767, '0001'], [792, '0010'], [794, '1000'], [816, '0001'], [833, '0001'], [837, '0001'], [853, '1000'], [857, '1000'], [875, '0001'], [888, '0001'], [889, '0001'], [993, '1000'], [1027, '0010'], [1033, '0001'], [1093, '0001'], [1187, '0001'], [1195, '0001'], [1232, '0001'], [1234, '0001']]
16;[[89, '2222'], [95, '2222'], [182, '2222'], [301, '2222'], [396, '2222'], [443, '2222'], [799, '2222'], [834, '2222'], [186, '2122'], [466, '1222'], [475, '2122'], [649, '2122'], [659, '2122'], [727, '1222'], [772, '2122'], [322, '1122'], [364, '2112'], [370, '2112'], [376, '2220'], [468, '2121'], [594, '2220'], [722, '1122'], [993, '1122'], [1017, '2211'], [129, '2120'], [240, '2210'], [314, '2120'], [872, '2210'], [901, '2210'], [1226, '1220'], [46, '1111'], [424, '1012'], [522, '2110'], [641, '1012'], [642, '1102'], [756, '1111'], [763, '1102'], [935, '1111'], [1154, '1012'], [1192, '1111'], [135, '0012'], [181, '1011'], [359, '0012'], [428, '1002'], [518, '1011'], [550, '0012'], [755, '1011'], [1000, '1002'], [1016, '1011'], [41, '0110'], [69, '0002'], [226, '0002'], [238, '0011'], [298, '1001'], [333, '1001'], [350, '0011'], [398, '1010'], [478, '0011'], [582, '1010'], [643, '0011'], [657, '1001'], [658, '1001'], [660, '1001'], [662, '1001'], [676, '0002'], [719, '1001'], [731, '0002'], [764, '0002'], [770, '1100'], [791, '1001'], [816, '0011'], [822, '0002'], [844, '0002'], [882, '0002'], [888, '0002'], [889, '0002'], [902, '1010'], [937, '1001'], [943, '0011'], [944, '1001'], [984, '1010'], [1002, '1010'], [1023, '0002'], [1080, '0002'], [1098, '0002'], [1101, '0002'], [1115, '0002'], [1234, '1001'], [5, '0001'], [10, '0001'], [17, '0001'], [36, '0010'], [72, '0001'], [92, '0010'], [97, '1000'], [98, '1000'], [126, '0001'], [130, '0001'], [132, '0001'], [134, '1000'], [148, '0001'], [150, '1000'], [168, '0001'], [189, '0001'], [197, '1000'], [202, '1000'], [205, '0001'], [212, '0001'], [225, '0001'], [255, '0001'], [288, '0001'], [290, '0001'], [292, '0001'], [297, '0001'], [320, '0001'], [330, '0001'], [331, '0001'], [357, '0001'], [386, '0001'], [413, '0001'], [421, '1000'], [434, '0010'], [462, '0010'], [472, '0010'], [473, '0001'], [489, '0001'], [490, '0001'], [510, '0001'], [512, '0010'], [553, '0001'], [559, '0001'], [581, '0001'], [586, '0001'], [615, '0001'], [616, '0001'], [656, '0001'], [673, '0001'], [708, '1000'], [709, '1000'], [711, '0001'], [715, '0001'], [723, '0001'], [724, '0001'], [725, '0001'], [729, '0001'], [730, '0001'], [735, '0001'], [758, '0001'], [762, '0010'], [767, '0001'], [783, '1000'], [797, '0001'], [809, '1000'], [810, '0001'], [835, '0001'], [837, '0001'], [867, '0010'], [870, '0001'], [875, '0001'], [893, '0001'], [896, '1000'], [919, '0001'], [928, '1000'], [932, '0001'], [938, '0001'], [941, '0001'], [970, '0010'], [974, '0010'], [990, '0001'], [991, '1000'], [994, '0010'], [1033, '0001'], [1037, '0001'], [1051, '1000'], [1066, '0001'], [1076, '0001'], [1135, '0001'], [1158, '0001'], [1189, '0001'], [1232, '0001']]
17;[[49, '2122'], [688, '2221'], [1101, '2221'], [791, '1122'], [810, '2112'], [89, '2120'], [662, '2120'], [357, '1111'], [359, '1102'], [1103, '1120'], [370, '0111'], [428, '1002'], [816, '0012'], [153, '0002'], [301, '0002'], [443, '1100'], [643, '0011'], [730, '0011'], [731, '0002'], [735, '0002'], [882, '0002'], [889, '0002'], [941, '1001'], [944, '1001'], [1088, '0002'], [101, '0010'], [128, '0001'], [132, '0001'], [135, '0001'], [189, '0001'], [233, '0010'], [238, '0001'], [297, '0001'], [298, '0001'], [330, '0001'], [333, '0001'], [450, '0010'], [506, '0010'], [660, '0010'], [722, '0001'], [729, '0001'], [837, '0001'], [839, '0001'], [845, '0001'], [897, '1000'], [937, '0001'], [938, '0001'], [1000, '0001'], [1023, '0001'], [1040, '0001'], [1069, '0001'], [1080, '0001'], [1115, '0001'], [1187, '0001'], [1234, '0001']]
18;[[129, '2122'], [205, '2120'], [1016, '2110'], [424, '1110'], [725, '1110'], [993, '1110'], [226, '0002'], [370, '1010'], [414, '0002'], [656, '1001'], [657, '1010'], [658, '1010'], [660, '1010'], [935, '1010'], [1162, '1100'], [153, '0001'], [364, '0100'], [443, '0010'], [642, '1000'], [816, '1000'], [994, '1000']]
19;[[487, '2222'], [506, '2222'], [618, '2222'], [626, '2222'], [688, '2222'], [693, '2222'], [897, '2222'], [1103, '2222'], [672, '2212'], [1049, '2221'], [21, '2220'], [432, '2121'], [359, '1011'], [370, '1100'], [49, '0001'], [398, '0001'], [455, '0010'], [936, '0010'], [944, '0001'], [1000, '0001'], [1129, '0001'], [1205, '0001']]
20;[[540, '2222'], [758, '2222'], [823, '2222'], [924, '2222'], [962, '2222'], [1066, '2222'], [1115, '2222'], [1168, '2222'], [1213, '2222'], [1215, '2222'], [207, '2122'], [208, '2122'], [220, '2221'], [538, '2122'], [126, '2112'], [278, '2111'], [286, '2111'], [287, '2111'], [290, '2111'], [292, '2111'], [539, '2111'], [544, '2111'], [711, '1210'], [1239, '1120'], [715, '1011'], [133, '0002'], [153, '0002'], [283, '1100'], [288, '1100'], [370, '0110'], [824, '1001'], [882, '0002'], [970, '1001'], [1234, '1001'], [181, '0010'], [443, '0010'], [604, '0100'], [643, '0001'], [731, '0001'], [767, '0100'], [791, '0001'], [919, '1000'], [928, '1000'], [944, '0001'], [1080, '0010'], [1189, '0001']]
21;[[709, '2222'], [708, '2122'], [1158, '2221'], [68, '2112'], [251, '2112'], [1115, '1122'], [98, '0012'], [941, '1101'], [97, '0002'], [443, '0002'], [719, '1100'], [1098, '0002'], [181, '0001'], [413, '0001'], [416, '0001'], [434, '0001'], [551, '0100'], [615, '0001'], [676, '0001'], [722, '0001'], [751, '0001'], [756, '0010'], [757, '0100'], [932, '0001'], [1189, '0001']]
22;[[13, '2222'], [130, '2222'], [276, '2222'], [692, '2222'], [258, '2221'], [898, '2212'], [262, '2112'], [764, '1212'], [1083, '1122'], [431, '1121'], [473, '1121'], [478, '1121'], [704, '2111'], [1194, '1121'], [370, '1012'], [880, '1012'], [908, '1111'], [1156, '1111'], [39, '0012'], [503, '1101'], [671, '1101'], [788, '1011'], [843, '0102'], [881, '0102'], [1114, '1002'], [237, '0101'], [342, '0110'], [343, '0101'], [510, '0101'], [512, '0110'], [514, '1001'], [590, '0011'], [654, '0101'], [731, '0002'], [774, '0101'], [845, '0002'], [871, '1001'], [882, '0002'], [888, '0002'], [1000, '0002'], [1166, '0110'], [67, '0001'], [69, '0001'], [104, '0001'], [189, '0001'], [197, '0001'], [221, '0001'], [226, '0001'], [247, '0010'], [322, '0001'], [325, '0001'], [333, '0001'], [350, '0100'], [365, '0001'], [392, '0001'], [464, '0001'], [465, '0001'], [586, '0001'], [682, '0001'], [713, '0001'], [729, '0001'], [735, '0001'], [942, '0001'], [946, '0001'], [968, '0100'], [1033, '0001'], [1040, '0001'], [1093, '0001'], [1144, '0100'], [1195, '0001']]
23;[[34, '2222'], [42, '2222'], [509, '2222'], [541, '2222'], [979, '2222'], [1114, '2222'], [9, '2221'], [10, '2122'], [12, '2212'], [426, '2122'], [434, '1212'], [99, '1112'], [859, '2120'], [370, '1002'], [716, '1002'], [888, '1002'], [11, '1100'], [322, '0101'], [350, '1001'], [582, '0002'], [598, '0002'], [984, '0002'], [1096, '0011'], [162, '1000'], [163, '0001'], [167, '1000'], [198, '1000'], [248, '1000'], [285, '0010'], [464, '1000'], [583, '1000'], [780, '1000'], [883, '0001'], [1156, '0010'], [1163, '1000']]
24;[[647, '2222'], [913, '2222'], [1109, '2222'], [210, '2220'], [915, '2211'], [926, '2121'], [254, '2111'], [1195, '1121'], [1031, '1011'], [32, '1100'], [552, '0002'], [611, '1001'], [724, '0002'], [72, '0001'], [199, '0001'], [207, '0001'], [240, '0001'], [331, '0001'], [370, '1000'], [377, '0001'], [411, '0001'], [477, '0001'], [492, '0001'], [522, '0001'], [559, '0010'], [677, '0001'], [763, '0001'], [858, '0001'], [934, '0001'], [1000, '0001'], [1232, '0001']]
25;[[431, '2222'], [913, '2222'], [647, '2122'], [72, '2112'], [926, '2121'], [411, '2111'], [503, '1121'], [858, '2111'], [1194, '1121'], [1195, '1112'], [74, '2110'], [106, '1012'], [198, '1012'], [465, '1102'], [83, '0111'], [120, '0102'], [569, '1011'], [881, '1002'], [84, '0011'], [162, '1001'], [370, '1010'], [432, '0002'], [880, '0002'], [1156, '0110'], [112, '0001'], [141, '0001'], [172, '0001'], [221, '0001'], [276, '0001'], [390, '0010'], [392, '0001'], [415, '1000'], [425, '0001'], [464, '0010'], [505, '0001'], [530, '0001'], [550, '0001'], [559, '0001'], [566, '1000'], [568, '1000'], [622, '0001'], [855, '0001'], [875, '0001'], [891, '0001'], [915, '0001'], [949, '0001'], [977, '1000'], [1027, '0001'], [1031, '1000'], [1083, '0001'], [1210, '0001']]
26;[[199, '2222'], [281, '2222'], [431, '2222'], [617, '2222'], [1061, '2222'], [1144, '2222'], [104, '2212'], [610, '2122'], [285, '2112'], [807, '1122'], [1166, '2211'], [328, '2111'], [665, '1112'], [1194, '1121'], [342, '2110'], [881, '0102'], [942, '1101'], [74, '0110'], [343, '1100'], [442, '0002'], [774, '0101'], [221, '0001'], [333, '0001'], [370, '0010'], [392, '0001'], [434, '0001'], [465, '0001'], [485, '0010'], [488, '0010'], [490, '0001'], [713, '0010'], [855, '0010'], [1195, '0001']]
27;[[599, '2222'], [905, '2122'], [98, '1102'], [756, '0002'], [913, '1001'], [1096, '0002'], [179, '0001'], [858, '0001'], [912, '0001'], [1000, '0100'], [1083, '0100']]
28;[[351, '2112'], [352, '2112'], [477, '2121'], [822, '1212'], [215, '1112'], [370, '1112'], [759, '2111'], [1083, '1112'], [722, '1012'], [1000, '1102'], [135, '0102'], [724, '0102'], [763, '0102'], [1033, '0102'], [1040, '0102'], [1093, '0102'], [1192, '0102'], [1234, '0102'], [300, '0002'], [322, '0002'], [882, '0002'], [942, '0101'], [990, '0002'], [134, '0001'], [136, '0001'], [274, '1000'], [331, '0001'], [333, '0001'], [343, '0001'], [392, '0001'], [398, '0001'], [465, '0001'], [467, '0001'], [510, '0001'], [550, '0001'], [559, '0001'], [586, '0001'], [611, '0001'], [665, '0001'], [729, '0001'], [735, '0001'], [832, '0001'], [837, '0001'], [875, '0001'], [913, '0001'], [937, '0001'], [944, '0001'], [969, '0001'], [1187, '0001'], [1222, '0001'], [1226, '0001']]
29;[[274, '2222'], [322, '2222'], [215, '2122'], [300, '2212'], [351, '2122'], [352, '2122'], [759, '2212'], [832, '1222'], [353, '2220'], [1192, '1122'], [370, '1112'], [15, '1012'], [477, '1120'], [722, '1012'], [763, '1102'], [944, '1102'], [714, '1002'], [724, '0102'], [822, '0102'], [1234, '0102'], [333, '0101'], [350, '0110'], [942, '0101'], [1040, '0101'], [1083, '0002'], [100, '0001'], [343, '0001'], [385, '0001'], [392, '0001'], [434, '0001'], [442, '0001'], [510, '0001'], [553, '0001'], [687, '0010'], [729, '0001'], [764, '1000'], [788, '1000'], [837, '0001'], [875, '0001'], [937, '0001'], [1000, '0001'], [1033, '0100'], [1093, '0100'], [1184, '0100']]
30;[[433, '2122'], [911, '2212'], [586, '2112'], [880, '2112'], [1224, '1212'], [117, '0002'], [328, '0101'], [557, '0002'], [942, '1010'], [1001, '0011'], [332, '0001'], [492, '0001'], [687, '0010'], [775, '0001'], [881, '0001'], [1084, '0100'], [1234, '0001']]
31;[[43, '2222'], [239, '2222'], [332, '2222'], [433, '2222'], [467, '2222'], [557, '2222'], [586, '2222'], [760, '2222'], [845, '2222'], [999, '2222'], [1084, '2222'], [1233, '2222'], [448, '2122'], [651, '2221'], [1020, '2122'], [1022, '1222'], [226, '1122'], [839, '1212'], [938, '1212'], [1036, '2112'], [127, '1112'], [189, '1112'], [882, '1112'], [330, '1111'], [370, '1111'], [942, '1012'], [1040, '1102'], [1224, '1120'], [136, '1101'], [628, '0111'], [1234, '0102'], [145, '0002'], [168, '0101'], [331, '1001'], [551, '0101'], [620, '1001'], [701, '1100'], [722, '1001'], [729, '0101'], [937, '0101'], [940, '0101'], [1000, '0101'], [1093, '0002'], [1187, '0101'], [69, '0001'], [128, '1000'], [213, '0001'], [272, '0100'], [359, '0100'], [389, '1000'], [512, '0100'], [550, '0001'], [724, '1000'], [735, '0100'], [762, '1000'], [764, '1000'], [944, '0001'], [1232, '0001']]
32;[[184, '2222'], [722, '1122'], [389, '1112'], [433, '1121'], [586, '1011'], [189, '0002'], [212, '0011'], [239, '0011'], [1040, '0101'], [1234, '1100'], [43, '1000'], [127, '0001'], [128, '1000'], [181, '0001'], [226, '0001'], [315, '1000'], [330, '0001'], [331, '0001'], [370, '1000'], [467, '1000'], [473, '0001'], [489, '1000'], [506, '0010'], [735, '0001'], [764, '0001'], [882, '0001'], [937, '0001'], [999, '1000'], [1093, '0001'], [1220, '0001']]
33;[[91, '2222'], [465, '2222'], [612, '2222'], [721, '2222'], [811, '2222'], [825, '2222'], [916, '2222'], [996, '2222'], [1052, '2222'], [1105, '2222'], [1113, '2222'], [403, '2212'], [920, '2212'], [1186, '1222'], [1234, '1222'], [94, '2220'], [210, '2220'], [370, '1212'], [637, '2220'], [638, '2220'], [818, '2220'], [927, '2121'], [1183, '1122'], [797, '2210'], [995, '1121'], [1122, '1112'], [978, '2110'], [1123, '0112'], [225, '0012'], [359, '1011'], [888, '1002'], [37, '0101'], [404, '0002'], [413, '0002'], [763, '1001'], [764, '0002'], [889, '0002'], [1189, '0011'], [65, '0001'], [96, '0001'], [297, '0001'], [515, '0001'], [663, '0001'], [719, '0001'], [731, '0001'], [773, '0001'], [793, '0010'], [795, '1000'], [822, '0001'], [846, '0001'], [882, '0001'], [981, '1000'], [1000, '0100'], [1023, '0001'], [1072, '0001'], [1098, '0001'], [1215, '0010']]
34;[[37, '2222'], [404, '2222'], [465, '2222'], [637, '2222'], [638, '2222'], [721, '2222'], [795, '2222'], [817, '2222'], [846, '2222'], [995, '2222'], [65, '2212'], [261, '2122'], [403, '2221'], [471, '2221'], [916, '2221'], [773, '2211'], [76, '0011'], [94, '0002'], [225, '0002'], [1052, '0101'], [77, '0100'], [135, '0001'], [235, '0010'], [236, '0010'], [247, '0010'], [277, '0010'], [297, '0001'], [359, '0010'], [552, '0001'], [627, '0001'], [818, '0001'], [825, '0100'], [933, '0001'], [941, '0100'], [944, '0001'], [1000, '0100'], [1023, '0001'], [1186, '0001'], [1234, '0001']]
35;[[210, '2222'], [1109, '2222'], [915, '2120'], [811, '1120'], [913, '2110'], [32, '1000'], [120, '0100'], [825, '0100'], [888, '0001'], [920, '0100'], [926, '0010'], [948, '0010'], [1105, '0001'], [1119, '0001']]
36;[[722, '2220'], [1052, '2220'], [612, '2120'], [370, '0002'], [403, '1100'], [66, '1000'], [325, '0001'], [721, '1000'], [724, '0001']]
37;[[33, '2222'], [38, '2222'], [131, '2222'], [158, '2222'], [175, '2222'], [225, '2222'], [234, '2222'], [318, '2222'], [379, '2222'], [380, '2222'], [465, '2222'], [482, '2222'], [483, '2222'], [491, '2222'], [492, '2222'], [600, '2222'], [697, '2222'], [717, '2222'], [815, '2222'], [849, '2222'], [877, '2222'], [946, '2222'], [1008, '2222'], [1014, '2222'], [1028, '2222'], [1126, '2222'], [1133, '2222'], [1176, '2222'], [35, '2122'], [120, '1222'], [203, '2122'], [378, '2122'], [712, '2122'], [817, '2122'], [831, '2221'], [835, '2122'], [930, '2122'], [991, '2212'], [1128, '1222'], [1174, '1222'], [1178, '2122'], [1182, '1222'], [3, '2112'], [247, '2112'], [280, '1212'], [470, '2121'], [476, '1122'], [1131, '1122'], [1234, '1212'], [28, '2120'], [319, '2111'], [627, '1112'], [942, '1211'], [71, '1111'], [333, '1012'], [866, '1012'], [933, '1111'], [76, '1002'], [231, '0012'], [370, '0012'], [774, '1011'], [871, '0012'], [1011, '1011'], [1135, '0111'], [65, '1001'], [238, '0011'], [334, '1001'], [428, '1001'], [731, '0002'], [4, '1000'], [116, '0001'], [119, '0001'], [148, '0001'], [150, '0001'], [220, '0001'], [233, '0010'], [291, '0001'], [294, '1000'], [342, '0001'], [345, '0001'], [392, '0001'], [403, '0001'], [433, '1000'], [443, '0001'], [510, '0001'], [512, '0001'], [514, '0001'], [596, '0001'], [671, '0001'], [711, '0010'], [721, '1000'], [776, '0001'], [818, '0001'], [888, '0001'], [941, '1000'], [944, '0100'], [1080, '0001'], [1130, '0001']]
38;[[390, '2222'], [14, '2122'], [360, '2212'], [1068, '1222'], [1130, '1222'], [1136, '1222'], [465, '1212'], [634, '2112'], [971, '1122'], [1140, '1122'], [644, '1121'], [1234, '1210'], [873, '1002'], [117, '1010'], [622, '0002'], [646, '1001'], [666, '1010'], [702, '0002'], [882, '0002'], [990, '0002'], [1024, '1001'], [1146, '0011'], [1148, '0011'], [1160, '0011'], [76, '0001'], [142, '0001'], [252, '0100'], [370, '0001'], [392, '0001'], [444, '0001'], [503, '0001'], [505, '0010'], [510, '0001'], [572, '0010'], [573, '0010'], [621, '0001'], [627, '0001'], [729, '0001'], [776, '0001'], [786, '1000'], [856, '0001'], [862, '0001'], [866, '0100'], [881, '1000'], [888, '0001'], [1001, '1000'], [1027, '1000'], [1029, '1000'], [1059, '1000'], [1066, '0001'], [1072, '0001'], [1075, '1000'], [1230, '1000']]
39;[[225, '2222'], [85, '2122'], [216, '2122'], [217, '2122'], [218, '2122'], [219, '2122'], [221, '2122'], [235, '2122'], [236, '2122'], [277, '2122'], [338, '2122'], [407, '2122'], [560, '2122'], [639, '2221'], [971, '2122'], [1139, '1222'], [83, '2121'], [222, '2121'], [249, '2112'], [289, '2112'], [293, '2112'], [304, '1122'], [420, '2112'], [470, '2121'], [584, '1122'], [619, '2121'], [654, '2121'], [851, '2121'], [873, '1122'], [1137, '1221'], [1141, '1122'], [645, '2111'], [1225, '1112'], [1234, '1211'], [412, '2110'], [553, '1012'], [230, '1002'], [252, '1011'], [263, '1011'], [356, '1101'], [433, '1002'], [505, '0012'], [529, '0012'], [573, '1011'], [716, '0111'], [869, '1002'], [949, '1002'], [966, '0012'], [1127, '1011'], [1211, '1002'], [1230, '1002'], [108, '0002'], [112, '0011'], [254, '1010'], [307, '1001'], [308, '0002'], [342, '0002'], [343, '0002'], [404, '0002'], [465, '0002'], [488, '0011'], [494, '0002'], [508, '0101'], [510, '1001'], [534, '0011'], [563, '0002'], [564, '1001'], [567, '1001'], [570, '0011'], [571, '0011'], [608, '0011'], [622, '0002'], [646, '1001'], [702, '0002'], [738, '0002'], [739, '0002'], [740, '0002'], [746, '0002'], [777, '0011'], [786, '0011'], [881, '1001'], [882, '0002'], [918, '0002'], [990, '0002'], [1001, '1001'], [1027, '1001'], [1029, '1001'], [1146, '0011'], [1148, '0011'], [1238, '0002'], [3, '1000'], [67, '0001'], [74, '0001'], [76, '0001'], [84, '0001'], [102, '1000'], [107, '0001'], [135, '0001'], [143, '1000'], [226, '0001'], [233, '0010'], [244, '0010'], [248, '0010'], [276, '0001'], [297, '0001'], [301, '0001'], [306, '0001'], [360, '0010'], [365, '0001'], [366, '1000'], [370, '0001'], [392, '0001'], [453, '1000'], [490, '0001'], [503, '0001'], [530, '0001'], [532, '0001'], [535, '0001'], [565, '0001'], [566, '0001'], [568, '0001'], [569, '0001'], [572, '0001'], [576, '1000'], [586, '0001'], [610, '0001'], [621, '0001'], [627, '0001'], [647, '0010'], [652, '0001'], [729, '0001'], [744, '0001'], [749, '0001'], [776, '0001'], [845, '0001'], [849, '0001'], [862, '0001'], [888, '0001'], [889, '0001'], [892, '0001'], [902, '0001'], [942, '0001'], [944, '0001'], [1026, '0001'], [1044, '0001'], [1066, '0001'], [1070, '0001'], [1072, '0001'], [1076, '0001'], [1096, '0100'], [1135, '0001'], [1136, '1000'], [1140, '0010'], [1160, '0010'], [1161, '0001'], [1185, '0001'], [1194, '0001'], [1209, '0001'], [1210, '0001'], [1222, '0001'], [1224, '0001'], [1236, '0001']]
40;[[233, '2222'], [465, '2222'], [1234, '2222'], [3, '2122'], [4, '2122'], [28, '2212'], [225, '2122'], [231, '2122'], [404, '2122'], [405, '2122'], [785, '2122'], [786, '2122'], [1008, '1222'], [77, '1122'], [116, '1122'], [254, '1122'], [277, '1122'], [815, '1221'], [1100, '1212'], [1117, '1212'], [1135, '1122'], [479, '2111'], [1124, '2210'], [1137, '1121'], [1139, '1220'], [1193, '1121'], [95, '2110'], [240, '2110'], [899, '1210'], [941, '1111'], [1141, '1120'], [1230, '1120'], [150, '0102'], [252, '1002'], [294, '1011'], [417, '0102'], [420, '0012'], [1127, '0012'], [109, '1010'], [119, '1001'], [151, '0002'], [293, '0011'], [344, '0011'], [370, '1001'], [508, '0002'], [560, '1010'], [573, '1010'], [954, '0101'], [1052, '0011'], [1080, '0101'], [1105, '0002'], [1131, '0002'], [1133, '0011'], [1160, '0011'], [2, '0100'], [5, '0100'], [9, '0001'], [10, '0001'], [17, '0001'], [32, '0001'], [35, '0100'], [76, '0001'], [103, '0010'], [105, '0010'], [108, '0010'], [112, '0010'], [115, '0010'], [120, '0001'], [132, '0001'], [142, '0001'], [144, '0001'], [169, '1000'], [173, '0001'], [189, '0001'], [198, '0010'], [210, '0001'], [235, '0010'], [236, '0010'], [248, '1000'], [249, '0010'], [261, '0010'], [263, '0001'], [279, '0010'], [289, '0010'], [291, '0001'], [297, '0001'], [298, '0001'], [304, '0010'], [308, '0010'], [333, '0001'], [338, '0001'], [345, '0001'], [351, '1000'], [352, '1000'], [392, '0001'], [407, '0010'], [413, '0001'], [434, '0001'], [478, '0001'], [510, '0010'], [515, '0001'], [526, '0010'], [529, '0010'], [532, '0010'], [535, '0001'], [553, '0010'], [571, '0010'], [572, '0010'], [576, '1000'], [583, '0001'], [613, '0001'], [616, '0001'], [619, '0010'], [645, '0010'], [646, '0010'], [654, '0010'], [673, '0001'], [677, '0001'], [731, '0001'], [735, '0001'], [763, '0001'], [780, '0010'], [849, '0100'], [851, '0001'], [852, '0001'], [869, '1000'], [882, '0001'], [888, '0100'], [931, '0010'], [942, '0001'], [949, '1000'], [956, '0100'], [959, '0100'], [1000, '0001'], [1024, '1000'], [1027, '0001'], [1029, '0001'], [1109, '0010'], [1126, '0010'], [1128, '0010'], [1130, '0001'], [1132, '0001'], [1146, '0010'], [1148, '0010'], [1161, '0010'], [1192, '0001']]
41;[[1106, '2222'], [1107, '2222'], [1108, '2222'], [1190, '2222'], [603, '2221'], [1115, '1122'], [998, '1010'], [46, '0100'], [296, '0100'], [301, '0100'], [322, '0010'], [370, '0100'], [392, '1000'], [941, '0001'], [1184, '0010']]
42;[[57, '2222'], [209, '2222'], [317, '2222'], [585, '2222'], [695, '2222'], [92, '2212'], [416, '2212'], [505, '2221'], [337, '1212'], [443, '2220'], [301, '1112'], [245, '1011'], [931, '1011'], [1085, '1011'], [370, '0011'], [722, '0002'], [1234, '1001'], [5, '0001'], [46, '0100'], [135, '0001'], [297, '0001'], [314, '0100'], [322, '0001'], [339, '0100'], [434, '0001'], [489, '0001'], [509, '1000'], [550, '0001'], [586, '0001'], [601, '0001'], [719, '0001'], [724, '0001'], [731, '0001'], [763, '0001'], [764, '0001'], [770, '0001'], [822, '0001'], [837, '0001'], [888, '0001'], [944, '0001'], [1000, '0001'], [1033, '0001'], [1040, '0001'], [1093, '0001'], [1187, '0001'], [1192, '0001'], [1232, '0001']]
43;[[125, '2222'], [140, '2222'], [172, '2222'], [440, '2222'], [441, '2222'], [504, '2222'], [568, '2222'], [960, '2222'], [66, '2221'], [418, '2212'], [124, '1212'], [1200, '2211'], [54, '1121'], [173, '1220'], [303, '2120'], [370, '1112'], [461, '1210'], [921, '1102'], [119, '0012'], [918, '1011'], [958, '1002'], [1199, '1002'], [137, '0002'], [261, '1100'], [302, '1100'], [392, '0011'], [484, '0110'], [522, '0101'], [526, '1100'], [714, '1100'], [891, '0011'], [966, '1001'], [967, '1001'], [975, '0002'], [1000, '0002'], [1167, '0011'], [1172, '0011'], [3, '0100'], [4, '0100'], [28, '0100'], [65, '0100'], [91, '0100'], [94, '0100'], [135, '0001'], [147, '0010'], [199, '0001'], [221, '0001'], [294, '0100'], [301, '0001'], [307, '0001'], [308, '0100'], [311, '0100'], [324, '0100'], [334, '0100'], [361, '0100'], [386, '1000'], [404, '0100'], [430, '0001'], [471, '0001'], [490, '0001'], [493, '0001'], [505, '0001'], [527, '0100'], [560, '0100'], [562, '0100'], [563, '0001'], [570, '0001'], [571, '0001'], [575, '0001'], [636, '1000'], [655, '0010'], [693, '0001'], [694, '0100'], [707, '0001'], [733, '0001'], [737, '0001'], [741, '0001'], [758, '0001'], [793, '0100'], [795, '0100'], [817, '0100'], [818, '0100'], [864, '0001'], [889, '0001'], [913, '0100'], [916, '0100'], [944, '0001'], [982, '0001'], [997, '0010'], [1080, '0001'], [1093, '0001'], [1094, '0001'], [1121, '0001'], [1156, '0001'], [1184, '0010'], [1185, '0001'], [1209, '0001'], [1216, '0010']]
44;[[44, '2222'], [53, '2222'], [74, '2222'], [124, '2222'], [190, '2222'], [312, '2222'], [411, '2222'], [453, '2222'], [495, '2222'], [504, '2222'], [548, '2222'], [566, '2222'], [567, '2222'], [568, '2222'], [574, '2222'], [575, '2222'], [621, '2222'], [622, '2222'], [623, '2222'], [625, '2222'], [634, '2222'], [636, '2222'], [655, '2222'], [691, '2222'], [702, '2222'], [737, '2222'], [743, '2222'], [750, '2222'], [765, '2222'], [766, '2222'], [786, '2222'], [840, '2222'], [847, '2222'], [850, '2222'], [873, '2222'], [951, '2222'], [953, '2222'], [967, '2222'], [973, '2222'], [1024, '2222'], [1029, '2222'], [1030, '2222'], [1053, '2222'], [1055, '2222'], [1059, '2222'], [1201, '2222'], [1202, '2222'], [1222, '2222'], [143, '2212'], [154, '2212'], [171, '2212'], [269, '2212'], [386, '2212'], [390, '2212'], [528, '2212'], [561, '2212'], [624, '2212'], [1148, '1222'], [1160, '2122'], [1185, '2221'], [72, '2112'], [236, '2211'], [244, '2220'], [436, '2220'], [569, '2220'], [647, '1212'], [858, '2121'], [971, '1221'], [1072, '1212'], [1156, '1221'], [1230, '2211'], [67, '1211'], [84, '1112'], [235, '2210'], [242, '2210'], [243, '2210'], [336, '2111'], [399, '1211'], [415, '2120'], [666, '1211'], [1146, '1220'], [264, '2110'], [325, '1111'], [570, '1120'], [572, '1210'], [1057, '1012'], [841, '1101'], [1142, '1002'], [1231, '1101'], [83, '1001'], [106, '1001'], [122, '0011'], [138, '0002'], [257, '1001'], [360, '1001'], [430, '1001'], [493, '0101'], [523, '1001'], [645, '0101'], [1130, '0002'], [45, '1000'], [108, '1000'], [118, '1000'], [121, '1000'], [125, '0100'], [135, '0001'], [142, '0010'], [166, '1000'], [172, '1000'], [276, '0001'], [297, '0001'], [310, '0100'], [370, '1000'], [371, '0001'], [381, '0001'], [392, '0001'], [409, '0001'], [435, '0001'], [465, '0001'], [503, '0001'], [538, '0001'], [563, '0001'], [576, '0010'], [590, '0001'], [608, '0001'], [747, '0001'], [767, '0001'], [856, '0001'], [862, '0001'], [875, '0001'], [961, '1000'], [1054, '0001'], [1070, '0001'], [1136, '0001'], [1139, '0001'], [1144, '0001'], [1157, '0001'], [1196, '0001'], [1210, '0001'], [1212, '0001']]
45;[[1159, '2222'], [803, '2212'], [919, '2212'], [924, '2212'], [338, '1212'], [289, '1220'], [292, '2210'], [293, '1220'], [538, '2210'], [290, '1110'], [287, '0101'], [758, '1010'], [278, '0100'], [283, '0100'], [286, '0100'], [288, '0100'], [540, '1000'], [715, '0100'], [1050, '0010'], [1168, '0010']]
46;[[51, '2222'], [53, '2222'], [737, '2222'], [503, '2221'], [702, '2122'], [516, '2111'], [856, '2111'], [1212, '1121'], [854, '1111'], [553, '1002'], [410, '0011'], [857, '0002'], [370, '0010'], [430, '0001'], [500, '0100'], [568, '1000'], [623, '0010'], [1196, '0001']]
47;[[163, '2222'], [684, '2222'], [1165, '2222'], [406, '2212'], [505, '2221'], [694, '2212'], [906, '2221'], [92, '2220'], [209, '2220'], [295, '2211'], [317, '2220'], [585, '2220'], [1058, '2220'], [508, '2210'], [613, '2210'], [695, '2210'], [301, '1210'], [172, '0012'], [15, '0002'], [165, '0002'], [707, '0110'], [998, '1010'], [1000, '1001'], [57, '1000'], [118, '0010'], [121, '0010'], [125, '0001'], [183, '0010'], [208, '0001'], [245, '1000'], [259, '0010'], [278, '0010'], [279, '0010'], [283, '0010'], [286, '0010'], [287, '0010'], [296, '0100'], [302, '0100'], [337, '1000'], [361, '1000'], [370, '1000'], [416, '1000'], [436, '0001'], [525, '0010'], [781, '0001'], [862, '0010'], [868, '0010'], [928, '0010'], [931, '1000'], [971, '0100'], [1013, '1000'], [1075, '0010'], [1106, '1000'], [1107, '1000'], [1108, '1000'], [1129, '0010'], [1132, '0010'], [1192, '1000'], [1194, '0010'], [1206, '0010']]
48;[[154, '2222'], [336, '2222'], [436, '2222'], [453, '2222'], [568, '2222'], [576, '2222'], [850, '2222'], [1231, '2122'], [124, '2220'], [495, '2220'], [523, '2220'], [548, '2220'], [1142, '2220'], [44, '0110'], [143, '0002'], [257, '0011'], [493, '0101'], [967, '0011'], [72, '0100'], [74, '0100'], [190, '0010'], [312, '0100'], [386, '0100'], [422, '0001'], [566, '1000'], [691, '0001'], [765, '0010'], [766, '0010'], [786, '0010'], [1201, '0001']]
49;[[138, '2222'], [143, '2222'], [313, '2222'], [436, '2222'], [493, '2222'], [624, '2222'], [972, '2222'], [1198, '2222'], [504, '1222'], [953, '1222'], [230, '2220'], [393, '2220'], [523, '2220'], [562, '2220'], [563, '2220'], [568, '1212'], [625, '1221'], [691, '2220'], [743, '2220'], [392, '1010'], [570, '1001'], [749, '0011'], [72, '0100'], [84, '0010'], [370, '0010'], [430, '0010'], [440, '1000'], [465, '0001'], [503, '0001'], [505, '0001'], [530, '0001'], [553, '0010'], [566, '1000'], [586, '0001'], [608, '0001'], [726, '0100']]
50;[[259, '2222'], [435, '2222'], [495, '2222'], [548, '2222'], [848, '2222'], [961, '2222'], [1157, '2222'], [953, '1222'], [973, '1220'], [1156, '1121'], [1159, '1121'], [440, '1001'], [568, '1001'], [44, '0100'], [309, '0100'], [347, '0001'], [505, '0001'], [543, '0100'], [570, '0001'], [575, '0001'], [601, '0001'], [634, '0001'], [829, '0001'], [1058, '0100'], [1160, '0001']]
51;[[85, '2222'], [122, '2222'], [141, '2222'], [201, '2222'], [214, '2222'], [225, '2222'], [249, '2222'], [306, '2222'], [444, '2222'], [445, '2222'], [481, '2222'], [490, '2222'], [504, '2222'], [535, '2222'], [560, '2222'], [564, '2222'], [565, '2222'], [569, '2222'], [572, '2222'], [573, '2222'], [574, '2222'], [575, '2222'], [646, '2222'], [685, '2222'], [726, '2222'], [738, '2222'], [739, '2222'], [740, '2222'], [741, '2222'], [744, '2222'], [746, '2222'], [748, '2222'], [749, '2222'], [827, '2222'], [918, '2222'], [921, '2222'], [949, '2222'], [950, '2222'], [957, '2222'], [1026, '2222'], [1076, '2222'], [1208, '2222'], [1209, '2222'], [26, '2221'], [112, '2212'], [137, '2221'], [142, '2212'], [235, '2212'], [270, '2212'], [302, '2212'], [303, '2212'], [304, '2221'], [305, '2212'], [386, '1222'], [407, '2221'], [442, '2122'], [465, '1222'], [494, '2122'], [501, '2221'], [532, '2221'], [566, '2221'], [568, '1222'], [570, '1222'], [608, '1222'], [892, '2212'], [966, '2221'], [1167, '1222'], [1200, '2221'], [1203, '2122'], [1204, '2221'], [1207, '2122'], [1211, '1222'], [1212, '2122'], [1236, '1222'], [114, '2211'], [191, '2121'], [236, '2211'], [365, '1212'], [392, '1122'], [400, '2112'], [484, '2211'], [498, '1122'], [528, '2211'], [529, '2211'], [530, '2211'], [531, '2211'], [534, '2211'], [553, '2211'], [563, '2211'], [605, '1122'], [681, '2112'], [829, '2211'], [869, '2112'], [958, '2211'], [1044, '1221'], [1156, '1221'], [67, '1112'], [72, '1112'], [84, '1112'], [254, '2111'], [277, '2210'], [308, '2111'], [325, '1211'], [366, '1211'], [370, '1112'], [418, '1211'], [419, '2111'], [789, '2210'], [864, '1211'], [954, '1220'], [1120, '1112'], [1196, '1211'], [1210, '1121'], [1238, '1220'], [18, '1120'], [19, '1210'], [44, '1120'], [107, '1102'], [383, '1012'], [521, '1210'], [1024, '1210'], [279, '0012'], [307, '0102'], [333, '1101'], [360, '1002'], [415, '1101'], [430, '1011'], [511, '1011'], [562, '0102'], [636, '1002'], [1074, '0102'], [102, '1100'], [124, '0002'], [196, '0011'], [264, '1100'], [281, '0011'], [297, '1001'], [337, '1001'], [391, '0011'], [417, '0002'], [493, '0101'], [503, '0011'], [517, '0011'], [590, '0101'], [639, '1100'], [675, '1100'], [779, '1001'], [856, '0101'], [865, '0002'], [891, '1001'], [925, '1001'], [956, '1001'], [1070, '1100'], [1091, '0002'], [1234, '0002'], [1, '0100'], [11, '0100'], [14, '0100'], [51, '0100'], [55, '0100'], [62, '0100'], [63, '0100'], [66, '0001'], [83, '0001'], [108, '0001'], [135, '0001'], [177, '0001'], [190, '0001'], [200, '0001'], [216, '0100'], [217, '0100'], [218, '0100'], [219, '0100'], [221, '0100'], [222, '0100'], [230, '0001'], [245, '0100'], [252, '0100'], [263, '0100'], [276, '0001'], [289, '0100'], [311, '0001'], [322, '0001'], [343, '0001'], [345, '0100'], [355, '0100'], [382, '0001'], [402, '0001'], [435, '0001'], [437, '0001'], [440, '0001'], [488, '0001'], [495, '0001'], [502, '0001'], [505, '0001'], [510, '0001'], [526, '0001'], [548, '0001'], [571, '1000'], [576, '0001'], [589, '0010'], [625, '0001'], [627, '0001'], [643, '0001'], [707, '1000'], [733, '0001'], [737, '0010'], [745, '0001'], [747, '0001'], [790, '0100'], [793, '0001'], [828, '0100'], [847, '0001'], [852, '0100'], [857, '0100'], [858, '0001'], [861, '0001'], [866, '0001'], [868, '1000'], [875, '0001'], [881, '0001'], [889, '0001'], [905, '0001'], [926, '1000'], [933, '0001'], [936, '0100'], [990, '0001'], [991, '0001'], [1001, '0001'], [1027, '0100'], [1057, '0100'], [1065, '0001'], [1079, '0001'], [1127, '0100'], [1135, '0100'], [1137, '0100'], [1139, '0100'], [1141, '0100'], [1198, '0001'], [1199, '1000'], [1202, '0010']]
52;[[406, '2222'], [505, '0010']]
53;[[987, '2221'], [432, '1212'], [447, '2220'], [401, '2210'], [1170, '1210'], [577, '1110'], [1228, '0111'], [1229, '0111'], [11, '0002'], [347, '1100'], [590, '1010'], [767, '1001'], [1, '1000'], [55, '1000'], [81, '1000'], [160, '0001'], [188, '1000'], [223, '1000'], [228, '1000'], [370, '0010'], [505, '1000'], [509, '1000'], [917, '0100']]
54;[[11, '2222'], [211, '2222'], [228, '2222'], [229, '2222'], [358, '2222'], [382, '2222'], [432, '2222'], [819, '2222'], [964, '2222'], [1060, '2222'], [402, '2122'], [631, '2212'], [812, '2122'], [904, '2212'], [1005, '2221'], [1007, '2122'], [1048, '2122'], [1163, '2212'], [1169, '1222'], [223, '1122'], [369, '2121'], [485, '2121'], [632, '1122'], [1134, '2112'], [394, '2120'], [401, '2111'], [488, '2120'], [917, '2210'], [577, '2110'], [1164, '0112'], [187, '1011'], [341, '0012'], [347, '0012'], [513, '1002'], [716, '1101'], [55, '1010'], [333, '0011'], [505, '0011'], [552, '0101'], [590, '0011'], [626, '0101'], [767, '1001'], [860, '0002'], [941, '1001'], [990, '1001'], [1003, '0002'], [1013, '1001'], [23, '0100'], [206, '0100'], [547, '0001'], [550, '0001'], [607, '0100'], [613, '1000'], [771, '0100'], [790, '0001'], [793, '0001'], [806, '0001'], [905, '0100'], [1099, '0100'], [1171, '0100'], [1192, '0001'], [1237, '0100']]
55;[[521, '2222'], [432, '2122'], [530, '2122'], [820, '1122'], [391, '2110'], [828, '1210'], [1205, '2110'], [232, '1100'], [358, '0002'], [463, '1100'], [505, '1001'], [640, '1010'], [779, '1010'], [890, '1001'], [1070, '1100'], [70, '0100'], [305, '0100'], [347, '1000'], [430, '0001'], [675, '1000'], [749, '0010'], [847, '0010'], [1056, '1000'], [1156, '0001']]
56;[[767, '2222'], [181, '1012'], [212, '1012'], [1091, '0012'], [89, '0110'], [185, '1001'], [288, '0110'], [290, '0110'], [292, '0110'], [450, '0002'], [55, '1000'], [123, '0001'], [135, '0001'], [414, '0100'], [424, '0100'], [432, '0100'], [443, '0100'], [758, '0100'], [783, '1000'], [794, '0100'], [919, '0100'], [924, '0100'], [925, '0100'], [928, '0100'], [970, '0100'], [972, '0100'], [1066, '0100'], [1093, '0001'], [1102, '0100'], [1115, '0100'], [1234, '0001'], [1239, '0100']]
57;[[590, '2222'], [1, '1222'], [223, '2211'], [588, '2220'], [790, '2220'], [988, '2220'], [346, '2120'], [394, '1220'], [432, '2120'], [983, '1220'], [987, '1121'], [778, '1210'], [860, '1120'], [865, '2110'], [905, '1210'], [986, '1120'], [1095, '2110'], [1173, '1120'], [178, '1110'], [282, '0012'], [370, '1110'], [160, '1001'], [188, '1010'], [812, '0101'], [890, '0101'], [989, '1010'], [1091, '0011'], [1170, '0002'], [1171, '0002'], [1203, '1100'], [6, '0001'], [8, '0100'], [11, '0001'], [62, '0010'], [79, '0100'], [80, '0010'], [81, '0010'], [177, '0100'], [200, '0100'], [228, '1000'], [369, '1000'], [397, '0100'], [415, '1000'], [447, '0100'], [513, '1000'], [577, '0010'], [668, '0010'], [784, '1000'], [833, '1000'], [1086, '0100'], [1090, '0100']]
58;[[1, '2222'], [6, '2222'], [7, '2222'], [160, '2222'], [590, '2222'], [591, '2222'], [790, '2222'], [860, '2222'], [983, '2222'], [986, '2222'], [987, '2222'], [988, '2222'], [989, '2222'], [1173, '2222'], [80, '2212'], [178, '2122'], [223, '2221'], [346, '2122'], [432, '2122'], [447, '2122'], [577, '2122'], [588, '2122'], [778, '2212'], [812, '2212'], [865, '2122'], [890, '2122'], [1170, '2221'], [62, '2112'], [188, '2121'], [347, '2121'], [369, '2220'], [394, '2211'], [614, '2121'], [905, '2220'], [917, '2211'], [1077, '2220'], [1171, '1122'], [55, '2210'], [82, '2210'], [187, '2120'], [228, '2120'], [229, '1220'], [271, '2210'], [631, '2120'], [769, '1121'], [874, '1112'], [63, '2110'], [179, '2110'], [505, '1120'], [589, '2110'], [668, '1021'], [200, '1002'], [513, '0111'], [784, '1002'], [48, '1010'], [81, '0002'], [282, '1001'], [335, '1001'], [370, '1100'], [415, '1001'], [903, '0110'], [1025, '1100'], [1091, '0011'], [1134, '0002'], [43, '0100'], [60, '0100'], [102, '0001'], [111, '0010'], [164, '0001'], [366, '0010'], [384, '1000'], [392, '0010'], [397, '0100'], [402, '0001'], [427, '0001'], [429, '0100'], [457, '0001'], [463, '0010'], [485, '0001'], [511, '0100'], [517, '0010'], [550, '0001'], [609, '0010'], [748, '0010'], [749, '0010'], [805, '0001'], [820, '0001'], [912, '0001'], [964, '0100'], [990, '0001'], [1005, '0001'], [1086, '0100'], [1090, '0100'], [1228, '1000'], [1234, '0001']]
59;[[55, '2222'], [223, '2222'], [402, '2222'], [577, '2222'], [668, '2222'], [812, '2222'], [989, '2222'], [1077, '2222'], [229, '1222'], [394, '2212'], [401, '2122'], [432, '2122'], [767, '2212'], [784, '2122'], [865, '2122'], [905, '2221'], [1074, '2122'], [284, '2112'], [397, '2121'], [505, '1122'], [509, '2112'], [670, '1122'], [833, '2121'], [936, '2112'], [1025, '2121'], [1095, '1122'], [1102, '2121'], [102, '2111'], [214, '2111'], [228, '1112'], [279, '2111'], [365, '2111'], [366, '2111'], [513, '1112'], [565, '1121'], [608, '1220'], [689, '2111'], [790, '2120'], [1163, '1121'], [1171, '1112'], [48, '0112'], [84, '1012'], [107, '1012'], [191, '1102'], [588, '0112'], [590, '1012'], [903, '1111'], [1173, '1210'], [1205, '1111'], [81, '1002'], [275, '1011'], [335, '0111'], [347, '1002'], [370, '1011'], [572, '1011'], [574, '1011'], [860, '0102'], [874, '0102'], [983, '0102'], [986, '0102'], [988, '0102'], [1060, '0012'], [1172, '0012'], [1, '0002'], [18, '0101'], [62, '0002'], [63, '0002'], [80, '0002'], [122, '1100'], [160, '0101'], [166, '0110'], [187, '0002'], [346, '0101'], [386, '1001'], [392, '0011'], [415, '0002'], [447, '0002'], [485, '1001'], [521, '0002'], [530, '0002'], [591, '0002'], [614, '0002'], [631, '0101'], [778, '0101'], [827, '1001'], [917, '0101'], [987, '0002'], [1044, '1100'], [1091, '0011'], [1134, '0002'], [1228, '0002'], [6, '0001'], [11, '0001'], [45, '0010'], [67, '0001'], [79, '1000'], [110, '0001'], [111, '0100'], [164, '0001'], [177, '0001'], [179, '0001'], [188, '0001'], [200, '0001'], [245, '0010'], [281, '0001'], [306, '0001'], [333, '0001'], [369, '0001'], [382, '0001'], [425, '0010'], [427, '0001'], [430, '0001'], [442, '0001'], [444, '0001'], [452, '0001'], [465, '0001'], [504, '0001'], [524, '0001'], [607, '0001'], [609, '0100'], [678, '0001'], [679, '0001'], [685, '0010'], [738, '0001'], [748, '0001'], [769, '0001'], [820, '0001'], [828, '0001'], [869, '0100'], [882, '0001'], [912, '0001'], [937, '0001'], [964, '0100'], [977, '0010'], [990, '0001'], [1005, '0001'], [1007, '0001'], [1056, '0010'], [1071, '0001'], [1075, '0001'], [1097, '0001'], [1143, '0010'], [1170, '0001'], [1203, '1000'], [1232, '0001']]
60;[[100, '2222'], [348, '2222'], [1004, '2222'], [698, '2122'], [241, '2112'], [446, '2220'], [155, '1220'], [587, '2120'], [597, '2120'], [322, '1210'], [267, '0111'], [990, '1002'], [1041, '1110'], [1043, '1110'], [1047, '1110'], [1110, '0012'], [17, '0101'], [340, '0002'], [519, '1010'], [653, '1010'], [1046, '0002'], [1192, '1100'], [87, '0100'], [354, '1000'], [370, '1000'], [550, '1000'], [722, '0001'], [724, '0001'], [751, '0010'], [764, '0001'], [1000, '0001'], [1040, '0001'], [1104, '0001'], [1194, '0001']]
61;[[195, '2222'], [196, '2222'], [383, '2222'], [437, '2222'], [501, '2222'], [502, '2222'], [505, '2222'], [605, '2222'], [685, '2222'], [754, '2212'], [969, '2122'], [531, '2121'], [1079, '1122'], [370, '1012'], [465, '0112'], [490, '1120'], [432, '1002'], [481, '1101'], [498, '0102'], [10, '1010'], [200, '0002'], [511, '1001'], [570, '1001'], [590, '1001'], [882, '0002'], [990, '0002'], [1092, '0002'], [1093, '0002'], [56, '0001'], [62, '0100'], [63, '0100'], [114, '0100'], [132, '0001'], [187, '0001'], [197, '0100'], [226, '0001'], [298, '0001'], [347, '0001'], [358, '0100'], [427, '0001'], [434, '0001'], [439, '0100'], [500, '0100'], [517, '0001'], [532, '0010'], [535, '0010'], [565, '0010'], [668, '0001'], [726, '0010'], [735, '0001'], [738, '0010'], [739, '0010'], [741, '0010'], [763, '0001'], [767, '0001'], [827, '0100'], [847, '0010'], [864, '0001'], [865, '0001'], [875, '0100'], [912, '0001'], [944, '0001'], [980, '0100'], [1040, '0001'], [1098, '0001'], [1188, '0001'], [1207, '0010'], [1208, '0010'], [1234, '0001'], [1236, '0001']]
62;[[148, '2222'], [370, '2212'], [438, '2221'], [806, '2122'], [842, '2221'], [1073, '2122'], [17, '2211'], [193, '2211'], [437, '2220'], [550, '2112'], [607, '2220'], [722, '1122'], [64, '1220'], [155, '2111'], [192, '2210'], [194, '2210'], [226, '1112'], [1151, '1121'], [473, '1210'], [736, '1120'], [763, '1102'], [837, '1120'], [907, '2110'], [1214, '1210'], [63, '1101'], [197, '1110'], [331, '1011'], [348, '1002'], [359, '0012'], [698, '1101'], [724, '1002'], [768, '1011'], [803, '0111'], [882, '1002'], [888, '1002'], [904, '1101'], [941, '1011'], [990, '1002'], [1000, '1002'], [1023, '1002'], [56, '1010'], [144, '1001'], [200, '1001'], [238, '0011'], [267, '0002'], [297, '1001'], [333, '1001'], [354, '1001'], [382, '1001'], [558, '1010'], [663, '1010'], [703, '1100'], [761, '1001'], [764, '1001'], [822, '0002'], [844, '0002'], [845, '0002'], [889, '0002'], [1040, '0002'], [1080, '0002'], [1234, '0101'], [10, '0001'], [24, '0001'], [43, '0100'], [60, '0010'], [62, '0100'], [69, '1000'], [72, '0001'], [88, '0010'], [94, '0001'], [110, '0100'], [160, '0001'], [182, '0100'], [211, '0100'], [224, '0100'], [237, '0001'], [244, '1000'], [321, '1000'], [322, '0001'], [330, '1000'], [340, '1000'], [349, '1000'], [358, '1000'], [372, '1000'], [383, '1000'], [427, '1000'], [429, '1000'], [434, '0001'], [446, '1000'], [458, '0100'], [459, '0100'], [460, '0100'], [465, '0100'], [472, '1000'], [479, '0100'], [486, '0010'], [505, '0100'], [537, '1000'], [539, '0100'], [551, '0001'], [559, '0001'], [580, '0001'], [586, '0001'], [590, '0010'], [643, '0001'], [677, '0010'], [704, '0001'], [729, '0001'], [731, '0001'], [734, '1000'], [735, '0001'], [767, '0001'], [783, '0010'], [787, '1000'], [804, '0100'], [819, '1000'], [821, '0001'], [843, '0001'], [870, '0001'], [879, '1000'], [880, '0001'], [885, '1000'], [886, '1000'], [912, '1000'], [913, '1000'], [914, '0100'], [920, '0001'], [937, '1000'], [944, '1000'], [945, '0001'], [964, '1000'], [969, '0100'], [1022, '0001'], [1032, '1000'], [1033, '0001'], [1038, '1000'], [1039, '1000'], [1042, '0001'], [1071, '1000'], [1093, '0001'], [1104, '0001'], [1192, '0001'], [1195, '1000'], [1232, '0001']]
63;[[429, '2222'], [463, '2222'], [1155, '2222'], [347, '2220'], [499, '2220'], [976, '2210'], [1228, '2120'], [1229, '2120'], [434, '2110'], [1171, '2110'], [1192, '1210'], [322, '1010'], [592, '1100'], [805, '0101'], [1, '0001'], [23, '0100'], [62, '0100'], [63, '0100'], [166, '0001'], [370, '0010'], [374, '0100'], [437, '0100'], [438, '0001'], [490, '0100'], [500, '0100'], [501, '0100'], [502, '0100'], [505, '0100'], [669, '0100'], [698, '1000'], [704, '0001'], [724, '0001'], [763, '0001'], [803, '0100'], [821, '0010'], [922, '1000'], [980, '0100'], [1040, '0001'], [1091, '0010']]
64;[[22, '2222'], [372, '2222'], [437, '2222'], [814, '2222'], [842, '2222'], [1038, '2222'], [1195, '2222'], [64, '1211'], [17, '0012'], [370, '1110'], [20, '0002'], [144, '0101'], [148, '0101'], [197, '0101'], [550, '0002'], [844, '0002'], [889, '0002'], [963, '1001'], [1000, '0002'], [1091, '0002'], [1093, '0002'], [24, '0001'], [155, '0001'], [160, '0001'], [227, '0100'], [267, '0001'], [322, '0001'], [331, '0001'], [349, '1000'], [358, '1000'], [382, '0001'], [434, '0001'], [472, '0100'], [590, '0001'], [605, '0001'], [606, '0010'], [674, '0010'], [698, '0001'], [703, '0001'], [722, '0010'], [724, '0001'], [768, '0001'], [882, '0001'], [907, '0001'], [944, '0001'], [1033, '0001'], [1067, '0001'], [1071, '0001'], [1076, '0001'], [1188, '0001']]
65;[[64, '2222'], [144, '2222'], [194, '2222'], [211, '2222'], [437, '2222'], [578, '2222'], [842, '2222'], [1038, '2222'], [1073, '2222'], [24, '2122'], [155, '2122'], [372, '2212'], [387, '2122'], [388, '2122'], [674, '2122'], [1046, '2221'], [1237, '2122'], [20, '2121'], [192, '2220'], [349, '2112'], [368, '2112'], [370, '1212'], [885, '2112'], [886, '2112'], [904, '2220'], [1151, '1122'], [1195, '1122'], [206, '1211'], [699, '2111'], [736, '1121'], [1007, '1220'], [1099, '1121'], [22, '0112'], [606, '1111'], [722, '1012'], [964, '1210'], [1045, '1012'], [1067, '1012'], [17, '0012'], [87, '1002'], [148, '0102'], [197, '0102'], [341, '0012'], [814, '1002'], [323, '0002'], [331, '0011'], [550, '0002'], [597, '0002'], [653, '0011'], [821, '1010'], [990, '0002'], [1000, '0002'], [1048, '0101'], [1092, '0002'], [1234, '0002'], [93, '0001'], [132, '0001'], [135, '0001'], [224, '0100'], [227, '0001'], [238, '0001'], [267, '0001'], [297, '0001'], [322, '0001'], [358, '1000'], [383, '0001'], [386, '0001'], [519, '0001'], [539, '0100'], [543, '0001'], [546, '0001'], [587, '0001'], [599, '0001'], [611, '0001'], [629, '0001'], [763, '0001'], [788, '0001'], [803, '0001'], [819, '0100'], [833, '0001'], [882, '0001'], [889, '0001'], [913, '0001'], [963, '0001'], [1006, '1000'], [1042, '0001'], [1093, '0001'], [1149, '0001'], [1150, '0001'], [1153, '0001'], [1164, '0001'], [1188, '0001'], [1214, '0001'], [1232, '0001']]
66;[[322, '2222'], [429, '2222'], [1192, '2222'], [348, '2212'], [370, '2212'], [434, '2212'], [100, '2210'], [463, '1220'], [1155, '2120'], [340, '2110'], [350, '1012'], [698, '1102'], [17, '0012'], [148, '0012'], [200, '1101'], [763, '1002'], [821, '1011'], [944, '1002'], [22, '0002'], [558, '0011'], [722, '0002'], [724, '0002'], [736, '0002'], [882, '0002'], [990, '0002'], [1194, '0011'], [1, '0001'], [10, '0001'], [11, '0001'], [13, '0001'], [63, '0100'], [155, '0001'], [160, '0001'], [166, '0001'], [187, '0100'], [267, '0001'], [385, '0001'], [427, '0001'], [446, '1000'], [498, '1000'], [590, '0001'], [605, '0001'], [607, '0010'], [630, '0001'], [731, '0001'], [767, '0001'], [771, '0010'], [788, '1000'], [837, '0100'], [907, '1000'], [912, '1000'], [913, '0001'], [969, '0100'], [976, '0100'], [980, '0100'], [1004, '0100'], [1098, '0001'], [1104, '0001'], [1109, '0001'], [1134, '0001'], [1195, '0001'], [1214, '0010'], [1226, '0001']]
67;[[148, '2212'], [914, '2220'], [472, '1220'], [910, '2120'], [370, '1012'], [724, '1001'], [842, '0011'], [1234, '0002'], [43, '0100'], [61, '0001'], [354, '1000'], [473, '0100'], [519, '0100'], [764, '0001']]
68;[[543, '2222'], [1003, '2222'], [349, '2212'], [195, '2220'], [206, '2121'], [90, '1112'], [438, '1220'], [964, '2120'], [1099, '2120'], [904, '1111'], [546, '1002'], [734, '1002'], [1164, '1110'], [341, '1100'], [889, '0002'], [1046, '0002'], [1048, '1100'], [1093, '0002'], [11, '0100'], [64, '1000'], [135, '0001'], [297, '0001'], [327, '0001'], [331, '0001'], [358, '1000'], [359, '0001'], [370, '1000'], [437, '0010'], [550, '0001'], [607, '0001'], [632, '0001'], [819, '1000'], [826, '0001'], [838, '0001'], [882, '0001'], [913, '1000'], [944, '0001'], [969, '0001'], [1000, '0001'], [1040, '0001'], [1134, '0100'], [1149, '0010'], [1150, '0010'], [1172, '1000'], [1234, '0001']]
69;[[193, '2222'], [703, '2222'], [907, '2222'], [363, '2122'], [438, '2122'], [359, '2112'], [370, '1112'], [1000, '1102'], [944, '1101'], [1234, '1101'], [327, '1001'], [326, '0001'], [550, '0001'], [724, '0001'], [837, '0001']]
70;[[340, '2222'], [698, '2222'], [804, '2222'], [1009, '2222'], [1032, '2222'], [1104, '2222'], [438, '1122'], [370, '1112'], [1000, '1102'], [1234, '1102'], [944, '1101'], [327, '1001'], [17, '0100'], [722, '0100'], [837, '0001'], [952, '0100'], [1232, '0001']]
71;[[148, '2222'], [11, '0010'], [56, '1000'], [327, '1000'], [370, '0001'], [547, '0001']]
72;[[732, '2222'], [682, '2122'], [323, '2220'], [683, '2120'], [58, '1011'], [733, '0002'], [250, '1000'], [333, '0001'], [837, '0001'], [941, '0001'], [1000, '0001'], [1019, '0001'], [1125, '0001']]
73;[[50, '2222'], [227, '2222'], [630, '2222'], [843, '2222'], [844, '2222'], [224, '1122'], [359, '2112'], [438, '1122'], [629, '2220'], [370, '1111'], [806, '2110'], [1093, '0002'], [724, '0001'], [990, '0001'], [1000, '0001'], [1228, '0010'], [1229, '0010'], [1234, '0001']]
74;[[914, '2222'], [910, '2122'], [148, '2220'], [724, '1001'], [1093, '0002'], [370, '1000'], [1000, '0001']]
75;[[316, '2222'], [446, '2222'], [370, '1112'], [359, '2110'], [1110, '1012'], [241, '0102'], [944, '1101'], [273, '0011'], [348, '1010'], [354, '1010'], [519, '1001'], [587, '1010'], [751, '0110'], [1234, '0002'], [100, '1000'], [597, '1000'], [757, '0010'], [837, '0001'], [1043, '1000'], [1047, '1000'], [1235, '0100']]
76;[[606, '2222'], [437, '2212'], [1188, '1222'], [1007, '1012'], [438, '1011'], [359, '0101'], [370, '0110'], [1048, '1010'], [329, '0001'], [330, '0100'], [731, '0001'], [882, '0001'], [889, '0001'], [1023, '0001'], [1039, '0001'], [1080, '0001'], [1134, '0001']]
77;[[27, '2222'], [323, '2222'], [546, '2222'], [629, '2222'], [734, '2222'], [754, '2222'], [1006, '2222'], [1012, '2222'], [1034, '2222'], [1035, '2222'], [1220, '2222'], [195, '2221'], [437, '1222'], [438, '1222'], [630, '2221'], [843, '2122'], [844, '2122'], [1152, '2122'], [1153, '2122'], [90, '1212'], [224, '1122'], [327, '1212'], [359, '2112'], [1138, '1122'], [227, '1220'], [370, '1112'], [939, '1112'], [963, '1211'], [1149, '1112'], [329, '1012'], [1150, '0112'], [1234, '1102'], [128, '0012'], [330, '0102'], [25, '0101'], [135, '0101'], [542, '1010'], [592, '0110'], [722, '0002'], [731, '0002'], [735, '0002'], [845, '0002'], [882, '0002'], [889, '0002'], [944, '0002'], [990, '0002'], [1092, '0002'], [1093, '0002'], [31, '0010'], [50, '0001'], [148, '0001'], [168, '0001'], [197, '0001'], [226, '0001'], [267, '0001'], [297, '0001'], [298, '0001'], [321, '0010'], [326, '0010'], [333, '0001'], [428, '0001'], [550, '0001'], [551, '0001'], [558, '0001'], [586, '0001'], [663, '0001'], [724, '0001'], [729, '0001'], [806, '1000'], [826, '0001'], [837, '0001'], [839, '0001'], [879, '0001'], [912, '0001'], [937, '0001'], [941, '0001'], [1023, '0001'], [1040, '0001'], [1080, '0001'], [1134, '0001'], [1188, '0001'], [1232, '0001']]
78;[[320, '2222'], [680, '2222'], [1021, '2222'], [1111, '2222'], [1181, '2222'], [255, '2212'], [373, '2212'], [802, '2221'], [159, '1122'], [452, '1122'], [253, '1211'], [459, '1220'], [61, '0112'], [686, '1111'], [1091, '0112'], [146, '1002'], [370, '1011'], [438, '0102'], [1071, '0012'], [1179, '0111'], [1180, '0111'], [152, '0011'], [179, '0011'], [282, '0002'], [427, '0101'], [556, '0101'], [1010, '0011'], [1042, '0002'], [1078, '0002'], [1081, '0011'], [1086, '0002'], [1089, '0002'], [1090, '0002'], [1093, '0002'], [1227, '1010'], [1234, '0101'], [65, '0100'], [82, '0001'], [90, '0100'], [93, '0100'], [135, '0010'], [161, '0010'], [184, '1000'], [188, '0001'], [238, '0100'], [265, '0001'], [315, '0100'], [321, '0100'], [326, '0100'], [330, '0100'], [333, '0100'], [359, '0001'], [451, '0001'], [460, '1000'], [479, '0100'], [648, '0010'], [663, '0100'], [696, '0001'], [718, '0001'], [722, '0001'], [724, '0001'], [731, '0001'], [734, '0001'], [753, '0100'], [800, '0010'], [838, '0100'], [884, '0001'], [889, '0001'], [912, '0100'], [944, '0001'], [945, '0100'], [1015, '0001'], [1019, '0100'], [1065, '0100'], [1069, '0001'], [1112, '0100'], [1118, '0001']]
79;[[1112, '2222'], [1181, '2222'], [650, '2221'], [320, '2220'], [123, '1121'], [384, '2210'], [438, '1121'], [648, '1211'], [945, '2210'], [1082, '2120'], [373, '1210'], [923, '1210'], [359, '1011'], [135, '0101'], [146, '0002'], [330, '0101'], [826, '1001'], [944, '1001'], [1091, '0101'], [1179, '1100'], [1234, '1100'], [65, '0100'], [75, '1000'], [132, '0001'], [148, '0001'], [179, '1000'], [184, '1000'], [255, '0100'], [315, '0010'], [333, '0001'], [370, '1000'], [427, '0100'], [452, '0100'], [663, '0100'], [829, '0001'], [838, '0100'], [882, '0001'], [912, '0100'], [1000, '0001'], [1010, '1000'], [1023, '0001'], [1065, '0100'], [1089, '0001']]
80;[[460, '2222'], [1227, '2222'], [458, '2122'], [1078, '2122'], [696, '2220'], [753, '1212'], [800, '1111'], [945, '1101'], [1042, '1101'], [1234, '1101'], [159, '1100'], [238, '1010'], [333, '0101'], [1071, '0101'], [61, '1000'], [135, '0100'], [152, '0100'], [330, '0001'], [427, '0100'], [438, '0100'], [451, '1000'], [452, '0100'], [453, '0100'], [459, '0100'], [612, '1000'], [663, '0100'], [722, '0001'], [884, '1000'], [912, '0001'], [1010, '1000'], [1065, '0100'], [1091, '0100'], [1179, '0100'], [1180, '0100']]
81;[[321, '2222'], [734, '2222'], [546, '2212'], [1092, '2220'], [438, '1121'], [542, '2120'], [370, '1111'], [90, '1011'], [326, '1011'], [941, '1001'], [990, '0002'], [31, '0010'], [93, '0010'], [132, '0001'], [135, '0001'], [195, '0001'], [253, '0010'], [359, '0001'], [550, '0001'], [551, '0001'], [586, '0001'], [592, '0010'], [729, '0001'], [731, '0001'], [944, '0001'], [1134, '0001'], [1232, '0001'], [1234, '0001']]
82;[[25, '2222'], [90, '2222'], [93, '2222'], [321, '2222'], [326, '2222'], [438, '2222'], [135, '2122'], [546, '2122'], [734, '2122'], [963, '2221'], [253, '2112'], [359, '2112'], [1003, '2220'], [370, '1112'], [542, '2120'], [327, '1012'], [1234, '1102'], [159, '1002'], [543, '0012'], [31, '0002'], [152, '0002'], [458, '1010'], [941, '0011'], [944, '0101'], [132, '0001'], [148, '0001'], [189, '0001'], [195, '0001'], [197, '0001'], [238, '0001'], [297, '0001'], [330, '0001'], [331, '0001'], [333, '0001'], [427, '0001'], [550, '0001'], [551, '0001'], [586, '0001'], [592, '0010'], [722, '0001'], [724, '0001'], [729, '0001'], [731, '0001'], [826, '1000'], [837, '0001'], [845, '0001'], [879, '0001'], [882, '0001'], [889, '0001'], [904, '0001'], [912, '0001'], [937, '0001'], [952, '0001'], [990, '0001'], [1000, '0001'], [1040, '0001'], [1078, '1000'], [1092, '0001'], [1150, '0001'], [1188, '0001'], [1227, '0001'], [1232, '0001']]
83;[[166, '2221'], [18, '2121'], [432, '1212'], [1203, '1212'], [1143, '1220'], [1102, '1120'], [370, '1011'], [447, '1100'], [505, '0101'], [590, '0011'], [767, '0002'], [1077, '0101'], [187, '0001'], [238, '0100'], [366, '0100'], [394, '0100'], [427, '0100'], [430, '0001'], [463, '0001'], [501, '0001'], [517, '0001'], [550, '0001'], [609, '1000'], [668, '0001'], [905, '0001'], [912, '0001'], [988, '0100'], [989, '0100'], [1074, '0100'], [1091, '0100'], [1170, '0100'], [1171, '0100']]
84;[[160, '2221'], [8, '0102'], [922, '1001'], [986, '1100'], [1112, '1001'], [333, '0100'], [346, '1000'], [384, '1000'], [555, '1000'], [590, '0010'], [778, '0010'], [837, '0001'], [912, '0001'], [952, '0100'], [1086, '0001'], [1179, '0001']]
85;[[1018, '2222'], [1118, '2222'], [29, '1212'], [202, '1121'], [475, '2120'], [982, '2120'], [58, '0112'], [200, '1002'], [179, '0002'], [370, '1001'], [427, '0002'], [88, '1000'], [98, '0001'], [250, '0100'], [432, '1000'], [438, '0001'], [469, '0001'], [589, '1000'], [590, '0001'], [724, '0001'], [732, '0001'], [733, '0001'], [888, '0001'], [912, '0001'], [941, '0001'], [969, '0001'], [983, '0100'], [1019, '0100'], [1022, '0001'], [1036, '0001'], [1065, '0001']]
86;[[554, '2222'], [8, '2221'], [271, '2212'], [148, '1212'], [590, '2211'], [110, '1211'], [346, '2111'], [160, '0112'], [983, '2110'], [152, '1002'], [370, '1011'], [722, '1011'], [769, '1110'], [61, '0002'], [135, '0101'], [238, '0110'], [330, '0011'], [505, '0101'], [763, '0101'], [944, '0101'], [945, '0101'], [990, '0002'], [1000, '0101'], [1091, '0011'], [1173, '1100'], [85, '0100'], [200, '0001'], [384, '1000'], [427, '0001'], [555, '0001'], [577, '1000'], [586, '0001'], [731, '0001'], [922, '0001'], [952, '0001'], [1015, '0001'], [1033, '0001'], [1071, '0001'], [1077, '0100'], [1086, '0001'], [1090, '0001'], [1112, '0001'], [1118, '0001'], [1181, '0001'], [1227, '0001'], [1232, '0001'], [1234, '0001']]
87;[[187, '2222'], [228, '2222'], [229, '2222'], [369, '2222'], [1005, '2222'], [432, '2122'], [1015, '2221'], [1060, '2120'], [370, '1111'], [438, '1102'], [590, '1012'], [860, '1210'], [223, '1001'], [333, '0101'], [401, '1100'], [513, '0101'], [550, '0101'], [631, '1001'], [812, '0101'], [819, '1001'], [1071, '0101'], [1134, '0101'], [382, '0100'], [394, '0001'], [485, '0001'], [632, '0001'], [668, '0001'], [722, '0001'], [833, '0001'], [945, '0100'], [990, '0001'], [1007, '0100'], [1025, '0100'], [1032, '0100'], [1163, '0001'], [1169, '0001'], [1180, '0001'], [1234, '0001']]
88;[[457, '2222'], [614, '2220'], [1091, '1211'], [590, '1012'], [370, '1011'], [443, '0002'], [678, '0110'], [679, '0110'], [668, '0001'], [702, '0100'], [945, '0100'], [990, '0001'], [1134, '0001'], [1144, '0100']]
89;[[469, '2222'], [176, '2221'], [260, '2212'], [79, '1210'], [905, '1210'], [912, '1101'], [152, '0002'], [177, '0110'], [265, '0002'], [706, '1100'], [179, '0001'], [370, '1000'], [479, '1000'], [590, '0010'], [778, '0100'], [1065, '0100'], [1086, '0001']]
90;[[590, '2222'], [884, '2222'], [7, '1222'], [176, '1222'], [177, '2212'], [265, '2212'], [451, '2122'], [200, '1122'], [912, '1212'], [1086, '1211'], [260, '1012'], [479, '1120'], [1090, '1210'], [1091, '0112'], [778, '0110'], [160, '0001'], [161, '0001'], [370, '1000'], [505, '0001'], [589, '0001'], [763, '0001'], [874, '0001'], [987, '0100'], [1065, '0100'], [1071, '0001'], [1089, '0001'], [1234, '0001'], [1238, '0010']]
91;[[95, '2222'], [97, '2222'], [182, '2222'], [267, '2222'], [413, '2222'], [468, '2222'], [700, '2222'], [722, '2222'], [728, '2222'], [732, '2222'], [756, '2222'], [770, '2222'], [997, '2222'], [1095, '2222'], [1189, '2222'], [1216, '2222'], [1217, '2222'], [1219, '2222'], [1226, '2222'], [57, '2212'], [88, '2221'], [250, '2122'], [266, '2212'], [294, '2122'], [322, '2221'], [353, '2122'], [362, '2122'], [370, '2212'], [376, '2221'], [381, '2221'], [422, '2221'], [475, '2221'], [733, '2122'], [759, '2122'], [781, '2122'], [787, '2122'], [801, '2122'], [808, '2122'], [822, '2122'], [859, '2122'], [870, '2221'], [893, '2122'], [965, '2122'], [974, '2221'], [998, '2212'], [1000, '2122'], [1018, '2122'], [1118, '2212'], [1177, '2122'], [1184, '2221'], [58, '1212'], [98, '2211'], [183, '2220'], [186, '2220'], [240, '2220'], [364, '2220'], [385, '1221'], [395, '2121'], [396, '2211'], [550, '1212'], [552, '2112'], [598, '2121'], [615, '2121'], [763, '2112'], [797, '2112'], [803, '2220'], [833, '2112'], [985, '1122'], [1097, '2220'], [1098, '1221'], [29, '1211'], [59, '1211'], [69, '2111'], [139, '1211'], [174, '1211'], [314, '2210'], [317, '1220'], [474, '2120'], [594, '1211'], [603, '2012'], [682, '2210'], [683, '2210'], [684, '1220'], [796, '1220'], [103, '1012'], [105, '1012'], [109, '1012'], [116, '1012'], [119, '1012'], [202, '1120'], [204, '1210'], [339, '1111'], [466, '1210'], [478, '1120'], [579, '2110'], [611, '1210'], [641, '1111'], [695, '1210'], [752, '1111'], [764, '1102'], [784, '1102'], [900, '1120'], [1125, '1210'], [15, '0102'], [115, '1002'], [199, '0102'], [241, '0012'], [359, '1011'], [434, '1002'], [486, '0012'], [720, '0102'], [772, '0102'], [799, '1110'], [872, '0102'], [888, '1002'], [990, '1002'], [1235, '0102'], [3, '0002'], [4, '0002'], [11, '0101'], [17, '0101'], [40, '0002'], [46, '0101'], [100, '0002'], [118, '0002'], [297, '1001'], [348, '0002'], [351, '0110'], [352, '0110'], [354, '0011'], [361, '0110'], [398, '0011'], [412, '0002'], [423, '1100'], [443, '1001'], [508, '0101'], [512, '0011'], [545, '0110'], [559, '0101'], [601, '0101'], [690, '0101'], [714, '0110'], [724, '0101'], [731, '0002'], [751, '0002'], [791, '1001'], [798, '1100'], [836, '1010'], [844, '0002'], [935, '0011'], [941, '1001'], [982, '1001'], [1019, '0002'], [1043, '0002'], [1047, '0002'], [1054, '0002'], [1056, '0002'], [1057, '0002'], [1058, '0002'], [1080, '0002'], [1093, '0002'], [1119, '0002'], [1191, '0101'], [1234, '1001'], [1, '0001'], [8, '0001'], [9, '0001'], [13, '0001'], [21, '0100'], [30, '0100'], [32, '0001'], [33, '0001'], [41, '0001'], [45, '0001'], [50, '0001'], [56, '0001'], [60, '0001'], [78, '0001'], [92, '0001'], [94, '0001'], [121, '0001'], [122, '0001'], [124, '0001'], [128, '0001'], [134, '0001'], [135, '0001'], [147, '0001'], [163, '0001'], [166, '0001'], [170, '0001'], [173, '0001'], [181, '0001'], [189, '0010'], [211, '0100'], [226, '0001'], [237, '0001'], [242, '0001'], [243, '0001'], [244, '0001'], [248, '0001'], [256, '0001'], [259, '0001'], [261, '0001'], [263, '0001'], [264, '0001'], [265, '0001'], [268, '0100'], [272, '0001'], [274, '0100'], [275, '0001'], [276, '0001'], [278, '0001'], [279, '0001'], [281, '0001'], [283, '0001'], [286, '0001'], [287, '0001'], [300, '0100'], [301, '0010'], [331, '0001'], [333, '0001'], [355, '0010'], [392, '0001'], [405, '0001'], [416, '0100'], [426, '0001'], [428, '0100'], [431, '0001'], [454, '0100'], [455, '0100'], [473, '0001'], [485, '0100'], [489, '0100'], [538, '0001'], [549, '0100'], [551, '0001'], [553, '0001'], [562, '0001'], [582, '0001'], [586, '0001'], [626, '0001'], [642, '0100'], [643, '0001'], [648, '0001'], [659, '0100'], [667, '0001'], [673, '0100'], [688, '0100'], [694, '0100'], [704, '0001'], [719, '0001'], [725, '0001'], [727, '0001'], [729, '0001'], [735, '0001'], [762, '0001'], [767, '0001'], [768, '0010'], [771, '0001'], [773, '0001'], [779, '0001'], [782, '0001'], [788, '0001'], [794, '1000'], [809, '0001'], [834, '0100'], [835, '0100'], [838, '0001'], [854, '0001'], [866, '0001'], [867, '0001'], [868, '0001'], [875, '0001'], [880, '0001'], [882, '0001'], [883, '0100'], [894, '0001'], [896, '0001'], [897, '1000'], [906, '0001'], [913, '0001'], [914, '1000'], [944, '0001'], [947, '0001'], [992, '0001'], [993, '0001'], [1023, '0001'], [1033, '0001'], [1040, '0001'], [1041, '0001'], [1051, '0001'], [1063, '0001'], [1085, '0001'], [1091, '0001'], [1103, '1000'], [1106, '0100'], [1107, '0100'], [1108, '0100'], [1115, '0001'], [1116, '0001'], [1134, '0100'], [1186, '0001'], [1192, '0001'], [1232, '0001']]
92;[[93, '00018'], [258, '2222'], [472, '2222'], [661, '2222'], [722, '2222'], [952, '2222'], [1147, '2222'], [145, '2222'], [272, '2222'], [473, '2221'], [783, '2122'], [1000, '2122'], [1195, '2122'], [1234, '2122'], [113, '2212'], [180, '2122'], [879, '1122'], [213, '2111'], [489, '1121'], [599, '2111'], [705, '2210'], [842, '2111'], [1232, '1121'], [135, '1102'], [238, '1012'], [354, '2110'], [370, '1102'], [611, '2110'], [724, '1111'], [914, '1210'], [1033, '1111'], [226, '0012'], [333, '1002'], [778, '1011'], [934, '1110'], [990, '1002'], [586, '1002'], [148, '0002'], [377, '1010'], [465, '0011'], [514, '1010'], [550, '1100'], [559, '0011'], [586, '0002'], [731, '0002'], [763, '1001'], [764, '1001'], [845, '0002'], [858, '0011'], [910, '1100'], [930, '0101'], [941, '1001'], [1023, '0002'], [1093, '0002'], [1192, '1100'], [467, '1010'], [489, '0011'], [999, '0002'], [1000, '0002'], [1020, '0002'], [1033, '0002'], [17, '0001'], [43, '0001'], [111, '0001'], [130, '1000'], [136, '0001'], [181, '0001'], [185, '1000'], [189, '0001'], [193, '1000'], [200, '0001'], [342, '0100'], [392, '0001'], [429, '0001'], [434, '0100'], [446, '0001'], [479, '0100'], [492, '0001'], [503, '0001'], [510, '0001'], [596, '0001'], [607, '0001'], [643, '0001'], [653, '0001'], [671, '1000'], [687, '1000'], [692, '0010'], [729, '0001'], [735, '0001'], [767, '0001'], [788, '0100'], [804, '0001'], [806, '0001'], [822, '0100'], [824, '0001'], [826, '0010'], [837, '0001'], [838, '0001'], [839, '0001'], [856, '0001'], [859, '0001'], [883, '0001'], [888, '0001'], [889, '0001'], [908, '0100'], [915, '0100'], [926, '0100'], [940, '0001'], [944, '0001'], [946, '0001'], [1014, '0001'], [1031, '0100'], [1040, '0001'], [1066, '0001'], [1071, '0001'], [1151, '0001'], [1186, '0001'], [1188, '0001'], [1226, '0001'], [1227, '0001'], [422, '0001'], [550, '0001'], [722, '0001'], [724, '0001'], [873, '0001'], [1023, '0001'], [1233, '0001']]
94;[[440, '2222'], [494, '2222'], [536, '2222'], [742, '2222'], [745, '2222'], [1204, '2222'], [309, '2122'], [311, '2122'], [955, '2122'], [1143, '2122'], [1197, '2122'], [1199, '2122'], [498, '1212'], [1121, '1122'], [1156, '1121'], [1223, '1121'], [78, '0011'], [114, '0002'], [209, '0011'], [270, '0002'], [277, '0002'], [370, '1010'], [571, '0002'], [789, '1010'], [1016, '0002'], [1091, '0002'], [1092, '0002'], [122, '0001'], [123, '0001'], [137, '0001'], [192, '0001'], [282, '0001'], [322, '0001'], [359, '0001'], [400, '0001'], [435, '0001'], [436, '0001'], [442, '0001'], [504, '0001'], [505, '0001'], [533, '0001'], [1158, '0001'], [1200, '0001']]
95;[[30, '2112'], [603, '2120'], [606, '2120'], [192, '0002'], [12, '0001'], [43, '0100'], [257, '1000'], [322, '0100'], [1097, '0001']]
96;[[454, '2222'], [455, '2222'], [673, '2222'], [75, '2212'], [40, '1001'], [520, '1001'], [526, '0011'], [9, '0001'], [43, '0100'], [527, '0001'], [883, '0010'], [1087, '0001']]
97;[[539, '2222'], [757, '2222'], [751, '2210'], [140, '0101'], [416, '1001'], [52, '0100'], [68, '1000'], [135, '0001'], [190, '0001'], [392, '0001'], [538, '0001']]
98;[[728, '2222'], [145, '2221'], [782, '2122'], [180, '2120'], [272, '2210'], [985, '2110'], [787, '1011'], [362, '0002'], [667, '0002'], [1118, '0101'], [270, '0001'], [467, '0010'], [595, '0010'], [1018, '0100'], [1019, '1000']]
99;[[268, '2222'], [324, '2222'], [449, '2122'], [992, '1220'], [1191, '1001']]
100;[[183, '2222'], [579, '2222'], [1017, '2212'], [1000, '1212'], [370, '1211'], [59, '0101'], [803, '1100'], [833, '0110'], [1097, '1100'], [1232, '0101'], [1033, '0001']]
